id,name,slug,release_date,median_output_tokens_per_second,median_time_to_first_token_seconds,median_time_to_first_answer_token,model_creator.id,model_creator.name,model_creator.slug,evaluations.artificial_analysis_intelligence_index,evaluations.artificial_analysis_coding_index,evaluations.artificial_analysis_math_index,evaluations.mmlu_pro,evaluations.gpqa,evaluations.hle,evaluations.livecodebench,evaluations.scicode,evaluations.math_500,evaluations.aime,evaluations.aime_25,evaluations.ifbench,evaluations.lcr,evaluations.terminalbench_hard,evaluations.tau2,pricing.price_1m_blended_3_to_1,pricing.price_1m_input_tokens,pricing.price_1m_output_tokens
05e45a36-b5c6-47a1-8adb-9ddc19add5b3,GPT-5 nano (minimal),gpt-5-nano-minimal,2025-08-07,0.0,0.0,0.0,e67e56e3-15cd-43db-b679-da4660a69f41,OpenAI,openai,29.1,27.5,27.3,0.556,0.428,0.041,0.47,0.291,,,0.273,0.325,0.2,0.064,0.257,0.138,0.05,0.4
16149b9c-a1e9-4669-a5cb-ff3c00d78f89,gpt-oss-20B (low),gpt-oss-20b-low,2025-08-05,194.081,0.481,10.786,e67e56e3-15cd-43db-b679-da4660a69f41,OpenAI,openai,44.3,34.5,62.3,0.718,0.611,0.051,0.652,0.34,,,0.623,0.578,0.31,0.043,0.503,0.094,0.06,0.2
f0083258-8646-45b8-8082-7aaf6c2ea82a,gpt-oss-120B (high),gpt-oss-120b,2025-08-05,364.657,0.385,5.87,e67e56e3-15cd-43db-b679-da4660a69f41,OpenAI,openai,60.5,49.6,93.4,0.808,0.782,0.185,0.878,0.389,,,0.934,0.69,0.507,0.22,0.658,0.263,0.15,0.6
c99f3bde-7c08-4de8-bd5c-8ee9123ebffa,gpt-oss-120B (low),gpt-oss-120b-low,2025-08-05,337.351,0.374,6.302,e67e56e3-15cd-43db-b679-da4660a69f41,OpenAI,openai,47.5,37.2,66.7,0.775,0.672,0.052,0.707,0.36,,,0.667,0.583,0.437,0.05,0.45,0.263,0.15,0.6
36f73aaf-d38a-4b56-a2b3-d04d17186910,gpt-oss-20B (high),gpt-oss-20b,2025-08-05,228.811,0.396,9.136,e67e56e3-15cd-43db-b679-da4660a69f41,OpenAI,openai,52.4,40.7,89.3,0.748,0.688,0.098,0.777,0.344,,,0.893,0.651,0.343,0.099,0.602,0.094,0.06,0.2
5e965af0-ca5c-4f47-9ba9-06000508b84a,GPT-5 (medium),gpt-5-medium,2025-08-07,0.0,0.0,0.0,e67e56e3-15cd-43db-b679-da4660a69f41,OpenAI,openai,66.4,49.2,91.7,0.867,0.842,0.235,0.703,0.411,0.991,0.917,0.917,0.706,0.728,0.362,0.865,3.438,1.25,10.0
bc26bfdb-4923-4442-a6ca-e77392923581,GPT-5 mini (minimal),gpt-5-mini-minimal,2025-08-07,0.0,0.0,0.0,e67e56e3-15cd-43db-b679-da4660a69f41,OpenAI,openai,41.6,35.0,46.7,0.775,0.687,0.05,0.545,0.369,,,0.467,0.456,0.357,0.135,0.319,0.688,0.25,2.0
16c5b637-8bce-4252-81f2-1b87a36a4e4c,o3,o3,2025-04-16,0.0,0.0,0.0,e67e56e3-15cd-43db-b679-da4660a69f41,OpenAI,openai,65.5,52.2,88.3,0.853,0.827,0.2,0.808,0.41,0.992,0.903,0.883,0.714,0.693,0.348,0.807,3.5,2.0,8.0
4c111fbc-d13a-42b4-858c-1dc17fe3c1d1,Grok-1,grok-1,2024-03-17,0.0,0.0,0.0,a1e3ddcf-d3e4-44a5-9e8f-029a69850875,xAI,xai,18.2,,,,,,,,,,,,,,,0.0,0.0,0.0
c3738fb0-3408-4430-a699-760ae4b70c93,GPT-5 (minimal),gpt-5-minimal,2025-08-07,0.0,0.0,0.0,e67e56e3-15cd-43db-b679-da4660a69f41,OpenAI,openai,43.5,37.4,31.7,0.806,0.673,0.054,0.558,0.388,0.861,0.367,0.317,0.456,0.25,0.177,0.67,3.438,1.25,10.0
7f3c9423-3ee3-4369-a6d9-3f2a40aff00e,GPT-5 (low),gpt-5-low,2025-08-07,0.0,0.0,0.0,e67e56e3-15cd-43db-b679-da4660a69f41,OpenAI,openai,61.8,46.8,83.0,0.86,0.808,0.184,0.763,0.391,0.987,0.83,0.83,0.666,0.587,0.248,0.842,3.438,1.25,10.0
eab1492c-b853-4852-aa71-06b0ec2481c1,GPT-5 (ChatGPT),gpt-5-chatgpt,2025-08-07,0.0,0.0,0.0,e67e56e3-15cd-43db-b679-da4660a69f41,OpenAI,openai,41.8,34.7,48.3,0.82,0.686,0.058,0.543,0.378,,,0.483,0.45,0.637,0.121,0.0,3.438,1.25,10.0
5d11e7a1-4f70-4e5a-9364-e193761d6757,GPT-5 Codex (high),gpt-5-codex,2025-09-23,0.0,0.0,0.0,e67e56e3-15cd-43db-b679-da4660a69f41,OpenAI,openai,68.5,53.5,98.7,0.865,0.837,0.256,0.84,0.409,,,0.987,0.741,0.69,0.355,0.868,3.438,1.25,10.0
29855680-7469-43eb-8b88-cd3fb1d99da3,GPT-5 mini (high),gpt-5-mini,2025-08-07,0.0,0.0,0.0,e67e56e3-15cd-43db-b679-da4660a69f41,OpenAI,openai,64.3,51.4,90.7,0.837,0.828,0.197,0.838,0.392,,,0.907,0.754,0.68,0.312,0.684,0.688,0.25,2.0
48e50f00-1fd1-4acc-b337-61078aa341e6,GPT-5 (high),gpt-5,2025-08-07,0.0,0.0,0.0,e67e56e3-15cd-43db-b679-da4660a69f41,OpenAI,openai,68.5,52.7,94.3,0.871,0.854,0.265,0.846,0.429,0.994,0.957,0.943,0.731,0.756,0.305,0.848,3.438,1.25,10.0
e18e5e6a-5a31-4c0b-b80b-ac401392f446,GPT-5 nano (high),gpt-5-nano,2025-08-07,0.0,0.0,0.0,e67e56e3-15cd-43db-b679-da4660a69f41,OpenAI,openai,51.0,42.3,83.7,0.78,0.676,0.082,0.789,0.366,,,0.837,0.676,0.417,0.113,0.365,0.138,0.05,0.4
8eb02396-f231-4189-ae15-05f7facebd9b,GPT-5 nano (medium),gpt-5-nano-medium,2025-08-07,0.0,0.0,0.0,e67e56e3-15cd-43db-b679-da4660a69f41,OpenAI,openai,49.3,42.1,78.3,0.772,0.67,0.076,0.763,0.338,,,0.783,0.659,0.4,0.163,0.304,0.138,0.05,0.4
c3274a19-6d3c-4d01-ab9b-5055a0a40429,GPT-5 mini (medium),gpt-5-mini-medium,2025-08-07,0.0,0.0,0.0,e67e56e3-15cd-43db-b679-da4660a69f41,OpenAI,openai,60.8,45.7,85.0,0.828,0.803,0.146,0.692,0.41,,,0.85,0.712,0.66,0.27,0.711,0.688,0.25,2.0
976cc8ad-7904-4056-83c5-960181f47d5f,Llama 3.3 Instruct 70B,llama-3-3-instruct-70b,2024-12-06,130.035,0.429,0.429,e1694725-0192-4e54-b1b8-c97e816c6cbe,Meta,meta,27.9,19.2,7.7,0.713,0.498,0.04,0.288,0.26,0.773,0.3,0.077,0.471,0.15,0.028,0.266,0.6,0.5,0.64
45c87531-2d57-48e0-8012-202cd636189e,Llama 3.1 Instruct 405B,llama-3-1-instruct-405b,2024-07-23,24.115,0.995,0.995,e1694725-0192-4e54-b1b8-c97e816c6cbe,Meta,meta,28.1,22.2,3.0,0.732,0.515,0.042,0.305,0.299,0.703,0.213,0.03,0.39,0.243,0.064,0.19,4.0,3.5,4.0
9ca71ac4-41c8-42c0-87dd-5704a9e5b94d,Llama 3.2 Instruct 90B (Vision),llama-3-2-instruct-90b-vision,2024-09-25,35.69,0.365,0.365,e1694725-0192-4e54-b1b8-c97e816c6cbe,Meta,meta,18.9,,,0.671,0.432,0.049,0.214,0.24,0.629,0.05,,,,,,0.72,0.72,0.72
5fb47ff6-a30e-4c2c-96f2-55e95a13390f,Llama 3.2 Instruct 11B (Vision),llama-3-2-instruct-11b-vision,2024-09-25,62.729,0.47,0.47,e1694725-0192-4e54-b1b8-c97e816c6cbe,Meta,meta,15.5,7.7,1.7,0.464,0.221,0.052,0.11,0.112,0.516,0.093,0.017,0.304,0.117,0.007,0.146,0.16,0.16,0.16
922c69c7-9037-43c6-8bcf-a1c555e7f3eb,Llama 4 Maverick,llama-4-maverick,2025-04-05,127.919,0.535,0.535,e1694725-0192-4e54-b1b8-c97e816c6cbe,Meta,meta,35.8,26.4,19.3,0.809,0.671,0.048,0.397,0.331,0.889,0.39,0.193,0.43,0.46,0.064,0.178,0.419,0.26,0.85
adf9a85e-abc3-4f28-937b-db6655cc5238,Llama 4 Scout,llama-4-scout,2025-04-05,174.882,0.413,0.413,e1694725-0192-4e54-b1b8-c97e816c6cbe,Meta,meta,28.1,16.1,14.0,0.752,0.587,0.043,0.299,0.17,0.844,0.283,0.14,0.395,0.258,0.014,0.155,0.241,0.14,0.545
a8c67863-9d66-44dd-8d27-f58654ecde03,Gemma 3n E2B Instruct,gemma-3n-e2b,2025-06-26,50.995,0.386,0.386,faddc6d9-2c14-445f-9b28-56726f59c793,Google,google,11.3,5.2,10.3,0.378,0.229,0.04,0.095,0.052,0.691,0.09,0.103,0.22,0.0,0.007,0.0,0.0,0.0,0.0
04781a0e-40f0-4e2a-a4e5-18e389364a79,Gemma 3 270M,gemma-3-270m,2025-08-14,0.0,0.0,0.0,faddc6d9-2c14-445f-9b28-56726f59c793,Google,google,5.6,0.1,2.3,0.055,0.224,0.042,0.003,0.0,,,0.023,0.121,0.0,0.0,0.091,0.0,0.0,0.0
2bfdd17a-e027-4068-a54e-b0e90a6df118,Gemma 3 27B Instruct,gemma-3-27b,2025-03-12,51.065,0.637,0.637,faddc6d9-2c14-445f-9b28-56726f59c793,Google,google,22.1,12.8,20.7,0.669,0.428,0.047,0.137,0.212,0.883,0.253,0.207,0.318,0.057,0.035,0.105,0.0,0.0,0.0
d1720545-d0a8-4c15-a53e-ef5ca99ac7ea,Gemma 3 1B Instruct,gemma-3-1b,2025-03-13,46.92,0.552,0.552,faddc6d9-2c14-445f-9b28-56726f59c793,Google,google,6.8,0.8,3.3,0.135,0.237,0.052,0.017,0.007,0.484,0.0,0.033,0.199,0.0,0.0,0.0,0.0,0.0,0.0
2e6400f5-85ca-4ebc-ba8f-c2811a631138,Gemma 3 12B Instruct,gemma-3-12b,2025-03-12,51.644,1.432,1.432,faddc6d9-2c14-445f-9b28-56726f59c793,Google,google,20.4,10.6,18.3,0.595,0.349,0.048,0.137,0.174,0.853,0.22,0.183,0.367,0.067,0.007,0.108,0.0,0.0,0.0
84922739-425f-46e1-87ac-bb4268dcacbb,Gemini 2.5 Flash-Lite Preview (Sep '25) (Reasoning),gemini-2-5-flash-lite-preview-09-2025-reasoning,2025-09-08,692.511,5.354,5.354,faddc6d9-2c14-445f-9b28-56726f59c793,Google,google,47.9,36.5,68.7,0.808,0.709,0.066,0.688,0.287,,,0.687,0.526,0.59,0.121,0.307,0.175,0.1,0.4
71f51ea9-94fe-4635-a80d-4cfffbb685f4,Gemini 2.5 Flash-Lite Preview (Sep '25) (Non-reasoning),gemini-2-5-flash-lite-preview-09-2025,2025-09-25,390.098,0.299,0.299,faddc6d9-2c14-445f-9b28-56726f59c793,Google,google,41.6,33.2,46.7,0.796,0.651,0.046,0.641,0.285,,,0.467,0.418,0.48,0.071,0.304,0.175,0.1,0.4
222fb320-6e55-4672-846a-b6d5a24a45f4,Gemma 3 4B Instruct,gemma-3-4b,2025-03-12,50.367,1.027,1.027,faddc6d9-2c14-445f-9b28-56726f59c793,Google,google,14.7,6.4,12.7,0.417,0.291,0.052,0.112,0.073,0.766,0.063,0.127,0.283,0.057,0.007,0.05,0.0,0.0,0.0
27202e5f-c82d-4710-92e9-4317877d4883,Gemini 2.5 Pro,gemini-2-5-pro,2025-06-05,142.823,32.534,32.534,faddc6d9-2c14-445f-9b28-56726f59c793,Google,google,59.6,49.3,87.7,0.862,0.844,0.211,0.801,0.428,0.967,0.887,0.877,0.487,0.66,0.248,0.541,3.438,1.25,10.0
a797eaf3-6d75-4f29-86a8-e1243ce52d43,Gemma 3n E4B Instruct,gemma-3n-e4b,2025-06-26,56.736,0.45,0.45,faddc6d9-2c14-445f-9b28-56726f59c793,Google,google,15.5,8.3,14.3,0.488,0.296,0.044,0.146,0.081,0.771,0.137,0.143,0.279,0.0,0.021,0.05,0.025,0.02,0.04
877fdfc9-2026-477a-af96-e4fd602c0131,Gemini 2.5 Flash Preview (Sep '25) (Non-reasoning),gemini-2-5-flash-preview-09-2025,2025-09-25,227.036,0.321,0.321,faddc6d9-2c14-445f-9b28-56726f59c793,Google,google,46.7,37.8,56.7,0.836,0.766,0.078,0.625,0.375,,,0.567,0.435,0.567,0.135,0.284,0.85,0.3,2.5
c7667559-d9b6-43f1-8cd8-8bdbc78d190b,Gemini 2.5 Flash Preview (Sep '25) (Reasoning),gemini-2-5-flash-preview-09-2025-reasoning,2025-09-25,255.009,14.92,14.92,faddc6d9-2c14-445f-9b28-56726f59c793,Google,google,54.4,42.5,78.3,0.842,0.793,0.127,0.713,0.405,,,0.783,0.523,0.643,0.156,0.456,0.85,0.3,2.5
91cb6144-4937-4e4e-aeda-b4341d355c10,Claude 4.5 Sonnet (Non-reasoning),claude-4-5-sonnet,2025-09-29,62.02,2.276,2.276,f0aa413f-e8ae-4fcd-9c48-0e049f4f3128,Anthropic,anthropic,49.6,42.9,37.0,0.86,0.727,0.071,0.59,0.428,,,0.37,0.427,0.513,0.27,0.705,6.0,3.0,15.0
f2f60e3a-e5f5-4471-acd2-9f2f29c76007,Claude 4.1 Opus (Non-reasoning),claude-4-1-opus,2025-08-05,39.146,1.445,1.445,f0aa413f-e8ae-4fcd-9c48-0e049f4f3128,Anthropic,anthropic,44.6,,,,,,,,,,,,,,,30.0,15.0,75.0
c2b1e769-7aee-4669-8076-73918bdebf6c,Claude 4.5 Haiku (Non-reasoning),claude-4-5-haiku,2025-10-15,86.731,0.915,0.915,f0aa413f-e8ae-4fcd-9c48-0e049f4f3128,Anthropic,anthropic,41.7,37.0,39.0,0.8,0.646,0.043,0.511,0.344,,,0.39,0.42,0.437,0.255,0.325,2.0,1.0,5.0
ccbfa8c3-a762-480b-aade-34fb9697f98c,Claude 4.1 Opus (Reasoning),claude-4-1-opus-thinking,2025-08-05,43.732,1.433,47.166,f0aa413f-e8ae-4fcd-9c48-0e049f4f3128,Anthropic,anthropic,59.3,46.1,80.3,0.88,0.809,0.119,0.654,0.409,,,0.803,0.554,0.663,0.321,0.714,30.0,15.0,75.0
a6340098-d7ae-462d-b372-0a0a67fc44b4,Claude 4.5 Haiku (Reasoning),claude-4-5-haiku-reasoning,2025-10-15,43.023,0.843,47.33,f0aa413f-e8ae-4fcd-9c48-0e049f4f3128,Anthropic,anthropic,54.6,43.4,83.7,0.76,0.672,0.097,0.615,0.433,,,0.837,0.543,0.703,0.255,0.547,2.0,1.0,5.0
90e078f2-051b-4c63-8919-76618971cb3f,Claude 4.5 Sonnet (Reasoning),claude-4-5-sonnet-thinking,2025-09-29,56.662,2.145,37.442,f0aa413f-e8ae-4fcd-9c48-0e049f4f3128,Anthropic,anthropic,62.7,49.8,88.0,0.875,0.834,0.173,0.714,0.447,,,0.88,0.573,0.657,0.333,0.781,6.0,3.0,15.0
27272c33-a688-4c3a-bf46-b0a1f51651d8,Ministral 8B,ministral-8b,2024-10-16,163.018,0.288,0.288,b5c0639a-cc9c-443b-a07e-bae6b7088933,Mistral,mistral,12.4,7.6,3.0,0.389,0.276,0.049,0.112,0.115,0.571,0.037,0.03,0.193,0.077,0.0,0.0,0.1,0.1,0.1
459543f9-d14e-43c8-8a23-3fbfbb5f69ee,Ministral 3B,ministral-3b,2024-10-16,239.908,0.264,0.264,b5c0639a-cc9c-443b-a07e-bae6b7088933,Mistral,mistral,10.9,5.4,0.3,0.339,0.26,0.055,0.069,0.094,0.537,0.0,0.003,0.205,0.067,0.0,0.003,0.04,0.04,0.04
fd83b089-139a-4445-8989-583993889b64,Codestral (Jan '25),codestral,2025-01-13,178.517,0.287,0.287,b5c0639a-cc9c-443b-a07e-bae6b7088933,Mistral,mistral,20.1,16.3,6.0,0.446,0.312,0.045,0.243,0.247,0.607,0.043,0.06,0.248,0.15,0.0,0.263,0.45,0.3,0.9
9eae4ec4-61b8-48bc-9843-3edd506ae933,Devstral Small (Jul '25),devstral-small,2025-07-10,135.371,0.315,0.315,b5c0639a-cc9c-443b-a07e-bae6b7088933,Mistral,mistral,27.2,18.5,29.3,0.622,0.414,0.037,0.254,0.243,0.635,0.003,0.293,0.346,0.17,0.057,0.284,0.15,0.1,0.3
70152cb0-fb36-4732-a925-89ef40994be1,Magistral Small 1.2,magistral-small-2509,2025-09-17,192.985,0.332,10.696,b5c0639a-cc9c-443b-a07e-bae6b7088933,Mistral,mistral,43.0,37.2,80.3,0.768,0.663,0.061,0.723,0.352,,,0.803,0.444,0.163,0.043,0.278,0.75,0.5,1.5
43da3718-3d6e-40dd-901a-05664179ff7f,Mistral Small 3.2,mistral-small-3-2,2025-06-20,94.403,0.285,0.285,b5c0639a-cc9c-443b-a07e-bae6b7088933,Mistral,mistral,29.1,20.1,27.0,0.681,0.505,0.043,0.275,0.264,0.883,0.323,0.27,0.335,0.173,0.064,0.295,0.15,0.1,0.3
864da2a5-156c-45fd-873c-8923be91914f,Magistral Medium 1.2,magistral-medium-2509,2025-09-18,92.922,0.534,22.057,b5c0639a-cc9c-443b-a07e-bae6b7088933,Mistral,mistral,52.0,42.3,82.0,0.815,0.739,0.096,0.75,0.392,,,0.82,0.43,0.513,0.128,0.52,2.75,2.0,5.0
aba82268-2bb7-4a0f-80be-9b7722e2145b,Devstral Medium,devstral-medium,2025-07-10,65.897,0.347,0.347,b5c0639a-cc9c-443b-a07e-bae6b7088933,Mistral,mistral,27.9,23.9,4.7,0.708,0.492,0.038,0.337,0.294,0.707,0.067,0.047,0.299,0.287,0.085,0.199,0.8,0.4,2.0
05a32e26-e609-4377-951b-8fa23d329926,Mistral Medium 3.1,mistral-medium-3-1,2025-08-12,35.504,0.606,0.606,b5c0639a-cc9c-443b-a07e-bae6b7088933,Mistral,mistral,35.4,28.1,38.3,0.683,0.588,0.044,0.406,0.338,,,0.383,0.398,0.197,0.099,0.406,0.8,0.4,2.0
4a845d7b-a52d-43bb-80b7-b58c7a0c155e,DeepSeek R1 Distill Llama 70B,deepseek-r1-distill-llama-70b,2025-01-20,118.814,0.774,17.607,58b835bf-4c87-4f87-a846-df4b692c6e7d,DeepSeek,deepseek,29.9,19.7,53.7,0.795,0.402,0.061,0.266,0.312,0.935,0.67,0.537,0.276,0.11,0.014,0.219,0.8,0.7,1.0
a83f84b3-473a-4276-9ae1-8909da723159,DeepSeek R1 0528 (May '25),deepseek-r1,2025-05-28,0.0,0.0,0.0,58b835bf-4c87-4f87-a846-df4b692c6e7d,DeepSeek,deepseek,52.0,44.1,76.0,0.849,0.813,0.149,0.77,0.403,0.983,0.893,0.76,0.396,0.547,0.149,0.365,1.978,1.075,3.5
af134350-8ba3-4629-b56b-00bd6dcf60c4,DeepSeek V3.2 Exp (Reasoning),deepseek-v3-2-reasoning,2025-09-29,28.345,1.143,71.703,58b835bf-4c87-4f87-a846-df4b692c6e7d,DeepSeek,deepseek,56.9,48.6,87.7,0.85,0.797,0.138,0.789,0.377,,,0.877,0.541,0.69,0.291,0.339,0.315,0.28,0.42
6000145b-0e3d-4fef-a55f-bcaac84803b2,DeepSeek R1 0528 Qwen3 8B,deepseek-r1-qwen3-8b,2025-05-29,70.856,0.859,29.085,58b835bf-4c87-4f87-a846-df4b692c6e7d,DeepSeek,deepseek,31.0,24.4,63.7,0.739,0.612,0.056,0.513,0.204,0.932,0.65,0.637,0.199,0.13,0.014,0.0,0.065,0.055,0.095
dfb9292d-bc7c-4425-a260-4256217e709f,DeepSeek V3.1 Terminus (Non-reasoning),deepseek-v3-1-terminus,2025-09-22,0.0,0.0,0.0,58b835bf-4c87-4f87-a846-df4b692c6e7d,DeepSeek,deepseek,45.7,38.3,53.7,0.836,0.751,0.084,0.529,0.321,,,0.537,0.412,0.433,0.298,0.371,0.646,0.415,1.34
0a7dda4d-cc9c-4a90-abc1-abb5772c901b,DeepSeek V3.1 Terminus (Reasoning),deepseek-v3-1-terminus-reasoning,2025-09-22,0.0,0.0,0.0,58b835bf-4c87-4f87-a846-df4b692c6e7d,DeepSeek,deepseek,57.7,49.6,89.7,0.851,0.792,0.152,0.798,0.406,,,0.897,0.57,0.65,0.284,0.371,1.914,1.635,2.75
07c35e00-2b12-44c8-91cc-408629cd569e,DeepSeek V3.2 Exp (Non-reasoning),deepseek-v3-2,2025-09-29,26.581,1.263,1.263,58b835bf-4c87-4f87-a846-df4b692c6e7d,DeepSeek,deepseek,46.3,39.6,57.7,0.836,0.738,0.086,0.554,0.399,,,0.577,0.431,0.43,0.234,0.339,0.315,0.28,0.42
98e3230e-cee1-4c19-b9f8-b6b6a826ca93,R1 1776,r1-1776,2025-02-18,0.0,0.0,0.0,941fc0f0-1d4e-405a-95b2-2d49494e0e6c,Perplexity,perplexity,19.1,,,,,,,,0.954,,,,,,,0.0,0.0,0.0
ff9bc5e5-a02f-4270-983e-4b3f834f3363,Grok 3 mini Reasoning (high),grok-3-mini-reasoning,2025-02-19,102.552,0.521,20.023,a1e3ddcf-d3e4-44a5-9e8f-029a69850875,xAI,xai,57.1,42.2,84.7,0.828,0.791,0.111,0.696,0.406,0.992,0.933,0.847,0.459,0.503,0.163,0.904,0.35,0.3,0.5
573bbd93-114c-4b71-9ede-a73a7d4bdf84,Grok 4 Fast (Reasoning),grok-4-fast-reasoning,2025-09-19,194.272,2.856,2.856,a1e3ddcf-d3e4-44a5-9e8f-029a69850875,xAI,xai,60.3,48.4,89.7,0.85,0.847,0.17,0.832,0.442,,,0.897,0.505,0.647,0.177,0.658,0.275,0.2,0.5
5ea94a4a-55ac-4ea1-8898-2b3971e94af6,Grok 4,grok-4,2025-07-10,35.553,16.545,16.545,a1e3ddcf-d3e4-44a5-9e8f-029a69850875,xAI,xai,65.3,55.1,92.7,0.866,0.877,0.239,0.819,0.457,0.99,0.943,0.927,0.537,0.68,0.376,0.749,6.0,3.0,15.0
2dbb6dc7-8c40-4b6d-af9c-cf805f83b79a,Grok 4 Fast (Non-reasoning),grok-4-fast,2025-09-19,217.326,0.51,0.51,a1e3ddcf-d3e4-44a5-9e8f-029a69850875,xAI,xai,38.6,28.1,41.3,0.73,0.606,0.05,0.401,0.329,,,0.413,0.377,0.2,0.113,0.637,0.275,0.2,0.5
a06bd3fc-86db-4a8e-ae6d-7459444d08c9,Grok Code Fast 1,grok-code-fast-1,2025-08-28,184.61,4.66,4.66,a1e3ddcf-d3e4-44a5-9e8f-029a69850875,xAI,xai,48.6,39.4,43.3,0.793,0.727,0.075,0.657,0.362,,,0.433,0.414,0.483,0.163,0.757,0.525,0.2,1.5
546ec53f-273c-4af7-b13f-b88c41f45905,Nova Pro,nova-pro,2024-12-03,0.0,0.0,0.0,bb5a4e55-7969-4ab4-8702-3b9fd6547dc2,Amazon,aws,25.0,16.6,7.0,0.691,0.499,0.034,0.233,0.208,0.786,0.107,0.07,0.381,0.19,0.057,0.14,1.4,0.8,3.2
5c3dd927-48a3-4f3c-8045-9b135f62dfbb,Nova Lite,nova-lite,2024-12-03,186.742,0.393,0.393,bb5a4e55-7969-4ab4-8702-3b9fd6547dc2,Amazon,aws,21.4,10.4,7.0,0.59,0.433,0.046,0.167,0.139,0.765,0.107,0.07,0.341,0.177,0.007,,0.105,0.06,0.24
344c6718-c573-41d4-9556-10287a3fa1fc,Nova Micro,nova-micro,2024-12-03,275.548,0.348,0.348,bb5a4e55-7969-4ab4-8702-3b9fd6547dc2,Amazon,aws,17.7,8.3,6.0,0.531,0.358,0.047,0.14,0.094,0.703,0.08,0.06,0.294,0.097,0.014,0.14,0.061,0.035,0.14
e58bbffd-fdc2-412a-b6d7-ca0e3f5d611a,Nova Premier,nova-premier,2025-04-30,62.515,0.965,0.965,bb5a4e55-7969-4ab4-8702-3b9fd6547dc2,Amazon,aws,32.3,22.0,17.3,0.733,0.569,0.047,0.317,0.279,0.839,0.17,0.173,0.362,0.3,0.064,0.383,5.0,2.5,12.5
ee708f92-374e-4123-b900-e22d7b2afc19,Phi-4,phi-4,2024-12-12,14.426,0.635,0.635,ef5ce458-9986-4652-915a-e31fac5506b0,Microsoft Azure,azure,22.7,17.6,18.0,0.714,0.575,0.041,0.231,0.26,0.81,0.143,0.18,0.235,0.0,0.035,0.0,0.219,0.125,0.5
2cd04201-2b6e-47ef-853e-7601f705f2a8,Phi-4 Multimodal Instruct,phi-4-multimodal,2025-02-26,16.653,0.346,0.346,ef5ce458-9986-4652-915a-e31fac5506b0,Microsoft Azure,azure,12.4,,,0.485,0.315,0.044,0.131,0.11,0.693,0.093,,,,,,0.0,0.0,0.0
9f873c2f-2c2d-4ccb-9e1b-71bf61b052be,Phi-4 Mini Instruct,phi-4-mini,2024-02-26,46.211,0.318,0.318,ef5ce458-9986-4652-915a-e31fac5506b0,Microsoft Azure,azure,15.7,7.8,6.7,0.465,0.331,0.042,0.126,0.108,0.696,0.03,0.067,0.211,0.137,0.0,0.082,0.0,0.0,0.0
739e531a-eb0a-478f-bb67-5845b79ce65d,LFM2 2.6B,lfm2-2-6b,2025-09-23,0.0,0.0,0.0,5b1886c4-43ba-4007-b840-9d21a2b7d42c,Liquid AI,liquidai,11.8,3.8,8.3,0.298,0.306,0.052,0.081,0.025,,,0.083,0.195,0.0,0.007,0.135,0.0,0.0,0.0
0faadeeb-320c-45cf-9c76-5f8768f342e6,LFM2 1.2B,lfm2-1-2b,2025-07-10,0.0,0.0,0.0,5b1886c4-43ba-4007-b840-9d21a2b7d42c,Liquid AI,liquidai,9.7,1.5,3.3,0.257,0.228,0.057,0.02,0.025,,,0.033,0.22,0.0,0.0,0.126,0.0,0.0,0.0
686ab020-ee58-4a70-a9ac-24d675a73506,LFM2 8B A1B,lfm2-8b-a1b,2025-10-07,0.0,0.0,0.0,5b1886c4-43ba-4007-b840-9d21a2b7d42c,Liquid AI,liquidai,17.4,7.3,25.3,0.505,0.344,0.049,0.151,0.068,,,0.253,0.263,0.0,0.0,0.105,0.0,0.0,0.0
44db6283-aa82-4799-af4a-679fe0530845,Solar Pro 2 (Non-reasoning),solar-pro-2,2025-07-09,109.632,1.174,1.174,64ff7f06-c6fb-42ea-ba24-9cd103ab2d61,Upstage,upstage,30.2,23.8,30.0,0.75,0.561,0.038,0.424,0.248,0.889,0.407,0.3,0.337,0.0,0.043,0.319,0.5,0.5,0.5
eb689f7a-f210-4a87-b407-f249897f2764,Solar Pro 2 (Reasoning),solar-pro-2-reasoning,2025-07-09,106.425,1.068,19.86,64ff7f06-c6fb-42ea-ba24-9cd103ab2d61,Upstage,upstage,37.7,31.5,61.3,0.805,0.687,0.07,0.616,0.302,0.967,0.69,0.613,0.371,0.0,0.028,0.281,0.5,0.5,0.5
643791e1-941a-4bc4-b556-07349a7c4a70,MiniMax-Text-01,minimax-text-01,2025-01-14,29.077,0.825,0.825,a31a9071-6144-4dbb-92dc-2e02d653ecea,MiniMax,minimax,28.3,17.3,12.3,0.759,0.578,0.042,0.247,0.25,0.753,0.13,0.123,0.327,0.33,0.021,0.155,0.425,0.2,1.1
f74ea286-cd29-4eb4-af14-1389b19c21e5,MiniMax-M2,minimax-m2,2025-10-26,68.103,1.526,30.893,a31a9071-6144-4dbb-92dc-2e02d653ecea,MiniMax,minimax,61.4,47.6,78.3,0.82,0.777,0.125,0.826,0.361,,,0.783,0.723,0.61,0.241,0.868,0.525,0.3,1.2
7393c56a-ec31-48e9-b804-c04f2d2cb641,Llama 3.1 Nemotron Instruct 70B,llama-3-1-nemotron-instruct-70b,2024-10-15,31.105,0.302,0.302,0c303112-430d-4367-a484-51defaa2e166,NVIDIA,nvidia,23.6,14.8,11.0,0.69,0.465,0.046,0.169,0.233,0.733,0.247,0.11,0.307,0.07,0.043,0.231,0.6,0.6,0.6
c4c3b42f-e0f0-48ca-b6f9-b296e7697806,Llama 3.3 Nemotron Super 49B v1 (Non-reasoning),llama-3-3-nemotron-super-49b,2025-03-18,0.0,0.0,0.0,0c303112-430d-4367-a484-51defaa2e166,NVIDIA,nvidia,25.9,17.0,7.7,0.698,0.517,0.035,0.28,0.229,0.775,0.193,0.077,0.395,0.113,0.0,,0.0,0.0,0.0
f1d52583-9d20-4099-99ac-b5df9430c3b6,NVIDIA Nemotron Nano 9B V2 (Reasoning),nvidia-nemotron-nano-9b-v2-reasoning,2025-08-18,102.312,0.302,19.85,0c303112-430d-4367-a484-51defaa2e166,NVIDIA,nvidia,37.2,31.9,69.7,0.742,0.57,0.046,0.724,0.22,,,0.697,0.276,0.21,0.014,0.219,0.07,0.04,0.16
b1fa84f8-1ed3-4124-b403-4655dafa4267,Llama 3.1 Nemotron Nano 4B v1.1 (Reasoning),llama-3-1-nemotron-nano-4b-reasoning,2025-05-20,0.0,0.0,0.0,0c303112-430d-4367-a484-51defaa2e166,NVIDIA,nvidia,26.1,,50.0,0.556,0.408,0.051,0.493,0.101,0.947,0.707,0.5,0.255,0.0,,0.117,0.0,0.0,0.0
2e8694f9-7782-47a6-a6ba-fdce89d939c8,NVIDIA Nemotron Nano 9B V2 (Non-reasoning),nvidia-nemotron-nano-9b-v2,2025-08-18,94.726,0.188,0.188,0c303112-430d-4367-a484-51defaa2e166,NVIDIA,nvidia,36.1,30.6,62.3,0.739,0.557,0.04,0.701,0.209,,,0.623,0.271,0.227,0.007,0.234,0.07,0.04,0.16
e1cfa926-9e2b-4a0d-8c31-48366a5041c5,Llama Nemotron Super 49B v1.5 (Reasoning),llama-nemotron-super-49b-v1-5-reasoning,2025-07-25,74.271,0.379,27.307,0c303112-430d-4367-a484-51defaa2e166,NVIDIA,nvidia,45.2,37.8,76.7,0.814,0.748,0.068,0.737,0.348,0.983,0.86,0.767,0.37,0.34,0.05,0.281,0.175,0.1,0.4
26c0b5df-efa7-470f-a65e-2d883329e493,Llama Nemotron Super 49B v1.5 (Non-reasoning),llama-nemotron-super-49b-v1-5,2025-07-25,72.913,0.183,0.183,0c303112-430d-4367-a484-51defaa2e166,NVIDIA,nvidia,26.6,18.8,8.0,0.692,0.481,0.043,0.29,0.238,0.77,0.137,0.08,0.329,0.22,0.035,0.251,0.175,0.1,0.4
1a8ba535-df18-459b-ad40-3199191296d7,Llama 3.3 Nemotron Super 49B v1 (Reasoning),llama-3-3-nemotron-super-49b-reasoning,2025-03-18,0.0,0.0,0.0,0c303112-430d-4367-a484-51defaa2e166,NVIDIA,nvidia,35.5,18.7,54.7,0.785,0.643,0.065,0.277,0.282,0.959,0.583,0.547,0.381,0.17,0.0,,0.0,0.0,0.0
cf095603-72b6-47f8-8ee1-09a42890f92a,Llama 3.1 Nemotron Ultra 253B v1 (Reasoning),llama-3-1-nemotron-ultra-253b-v1-reasoning,2025-04-07,37.928,0.759,53.49,0c303112-430d-4367-a484-51defaa2e166,NVIDIA,nvidia,38.5,33.7,63.7,0.825,0.728,0.081,0.641,0.347,0.952,0.747,0.637,0.382,0.073,0.021,0.114,0.9,0.6,1.8
66445f84-b2e3-4202-afdc-92ba0f0e5f36,Kimi K2 0905,kimi-k2-0905,2025-09-05,70.046,0.431,0.431,0a177021-87dd-4250-9a37-f01df196bfe0,Moonshot AI,moonshotai,50.4,38.1,57.3,0.819,0.767,0.063,0.61,0.307,,,0.573,0.417,0.523,0.227,0.734,1.2,0.99,2.5
bddebfd3-0a8d-47f5-b722-bc4c2ca5a5dc,Kimi K2 Thinking,kimi-k2-thinking,2025-11-06,44.557,1.508,46.394,0a177021-87dd-4250-9a37-f01df196bfe0,Moonshot AI,moonshotai,67.0,52.2,94.7,0.848,0.838,0.223,0.853,0.424,,,0.947,0.681,0.663,0.291,0.93,1.075,0.6,2.5
5dba8d07-9992-483c-81db-dac97cb15ba8,Granite 4.0 H Small,granite-4-0-h-small,2025-09-22,0.0,0.0,0.0,512ef1e4-e02e-4532-a5f2-d11a40962498,IBM,ibm,22.7,16.1,13.7,0.624,0.416,0.037,0.251,0.209,,,0.137,0.315,0.09,0.021,0.173,0.107,0.06,0.25
dafbb6d2-4825-43d1-a927-feedcfd2e998,Granite 4.0 H 1B,granite-4-0-h-nano-1b,2025-10-28,0.0,0.0,0.0,512ef1e4-e02e-4532-a5f2-d11a40962498,IBM,ibm,13.7,6.6,6.3,0.277,0.263,0.05,0.115,0.082,,,0.063,0.262,0.063,0.0,0.196,0.0,0.0,0.0
a68afa0b-7fe2-4e9d-bf3e-741cce3c6aeb,Granite 4.0 H 350M,granite-4-0-h-350m,2025-10-28,0.0,0.0,0.0,512ef1e4-e02e-4532-a5f2-d11a40962498,IBM,ibm,8.2,1.2,1.3,0.127,0.257,0.064,0.019,0.017,,,0.013,0.176,0.0,0.0,0.146,0.0,0.0,0.0
1fc32894-1060-493b-af94-62bb1068555e,Granite 4.0 Micro,granite-4-0-micro,2025-09-22,0.0,0.0,0.0,512ef1e4-e02e-4532-a5f2-d11a40962498,IBM,ibm,16.2,10.4,6.0,0.447,0.336,0.051,0.18,0.119,,,0.06,0.248,0.04,0.014,0.126,0.0,0.0,0.0
54c7f3fc-7078-442a-b472-e8691257a88c,Granite 4.0 350M,granite-4-0-350m,2025-10-28,0.0,0.0,0.0,512ef1e4-e02e-4532-a5f2-d11a40962498,IBM,ibm,7.7,1.1,0.0,0.124,0.261,0.057,0.024,0.009,,,0.0,0.159,0.0,0.0,0.132,0.0,0.0,0.0
a2c8e7b2-57bf-4d1e-96ea-7944d786d94d,Granite 4.0 1B,granite-4-0-nano-1b,2025-10-28,0.0,0.0,0.0,512ef1e4-e02e-4532-a5f2-d11a40962498,IBM,ibm,13.3,4.5,6.3,0.325,0.281,0.051,0.047,0.087,,,0.063,0.205,0.04,0.0,0.228,0.0,0.0,0.0
dbbcf240-a69e-4078-8f16-7c94c7a8c514,Reka Flash 3,reka-flash-3,2025-03-10,50.532,1.181,40.76,4571a280-f096-486f-b220-dffc3e522b0f,Reka AI,reka-ai,25.9,23.4,33.7,0.669,0.529,0.051,0.435,0.267,0.893,0.51,0.337,0.304,0.0,0.0,0.0,0.35,0.2,0.8
82b207dd-d285-4a52-b2fc-2cbd27543899,Hermes 4 - Llama-3.1 405B (Reasoning),hermes-4-llama-3-1-405b-reasoning,2025-08-27,36.344,0.746,55.776,0a2f41cc-2cbc-4949-be54-9fef1319d4a9,Nous Research,nous-research,41.6,34.8,69.7,0.829,0.727,0.103,0.686,0.252,,,0.697,0.327,0.207,0.106,0.222,1.5,1.0,3.0
a8efb564-9d17-4d7f-8f43-e9110657ce21,DeepHermes 3 - Mistral 24B Preview (Non-reasoning),deephermes-3-mistral-24b-preview,2025-03-13,0.0,0.0,0.0,0a2f41cc-2cbc-4949-be54-9fef1319d4a9,Nous Research,nous-research,15.5,,,0.58,0.382,0.039,0.195,0.228,0.595,0.047,,,,,,0.0,0.0,0.0
b7726745-9c77-40c3-8452-974cb53d6fbc,DeepHermes 3 - Llama-3.1 8B Preview (Non-reasoning),deephermes-3-llama-3-1-8b-preview,2025-02-13,0.0,0.0,0.0,0a2f41cc-2cbc-4949-be54-9fef1319d4a9,Nous Research,nous-research,1.8,,,0.365,0.27,0.043,0.085,0.091,0.218,0.0,,,,,,0.0,0.0,0.0
d3968fd3-97d8-4693-8d26-19cefc6f5d5f,Hermes 4 - Llama-3.1 405B (Non-reasoning),hermes-4-llama-3-1-405b,2025-08-27,33.838,0.726,0.726,0a2f41cc-2cbc-4949-be54-9fef1319d4a9,Nous Research,nous-research,32.6,32.8,15.3,0.729,0.536,0.042,0.546,0.346,,,0.153,0.348,0.2,0.092,0.266,1.5,1.0,3.0
6ba9e8eb-8124-436d-842f-dbe36df80c27,Hermes 4 - Llama-3.1 70B (Reasoning),hermes-4-llama-3-1-70b-reasoning,2025-08-27,81.819,0.734,25.179,0a2f41cc-2cbc-4949-be54-9fef1319d4a9,Nous Research,nous-research,39.2,34.6,68.7,0.811,0.699,0.079,0.653,0.341,,,0.687,0.313,0.067,0.043,0.225,0.198,0.13,0.4
235060f4-057d-4bd1-8b8e-4a92908c770e,Hermes 4 - Llama-3.1 70B (Non-reasoning),hermes-4-llama-3-1-70b,2025-08-27,73.35,0.659,0.659,0a2f41cc-2cbc-4949-be54-9fef1319d4a9,Nous Research,nous-research,23.8,18.2,11.3,0.664,0.491,0.036,0.269,0.277,,,0.113,0.29,0.02,0.0,0.216,0.198,0.13,0.4
d734e2ce-5cf8-467f-8148-586d02671333,Exaone 4.0 1.2B (Reasoning),exaone-4-0-1-2b-reasoning,2025-07-15,0.0,0.0,0.0,45157c16-fcbb-4110-b20f-7bca754b6554,LG AI Research,lg,26.7,20.3,50.3,0.588,0.515,0.058,0.516,0.093,,,0.503,0.23,0.0,0.0,0.164,0.0,0.0,0.0
44b19b51-5367-4ef9-a2ff-2f90b89a0867,EXAONE 4.0 32B (Reasoning),exaone-4-0-32b-reasoning,2025-07-15,90.843,0.3,22.316,45157c16-fcbb-4110-b20f-7bca754b6554,LG AI Research,lg,42.6,37.5,80.0,0.818,0.739,0.105,0.747,0.344,0.977,0.843,0.8,0.363,0.14,0.035,0.173,0.7,0.6,1.0
8273650d-40e5-45ee-aeda-df71de784164,Exaone 4.0 1.2B (Non-reasoning),exaone-4-0-1-2b,2025-07-15,0.0,0.0,0.0,45157c16-fcbb-4110-b20f-7bca754b6554,LG AI Research,lg,20.5,12.2,24.0,0.5,0.424,0.058,0.293,0.074,,,0.24,0.253,0.0,0.0,0.205,0.0,0.0,0.0
2f60d80d-c3d3-4a43-bded-0557898c4618,EXAONE 4.0 32B (Non-reasoning),exaone-4-0-32b,2025-07-15,87.349,0.281,0.281,45157c16-fcbb-4110-b20f-7bca754b6554,LG AI Research,lg,30.3,24.6,39.3,0.768,0.628,0.049,0.472,0.252,0.939,0.47,0.393,0.335,0.08,0.014,0.041,0.7,0.6,1.0
ae4fe623-80ab-4ea3-8921-70a18ea0fc7e,ERNIE 4.5 300B A47B,ernie-4-5-300b-a47b,2025-06-30,25.423,0.837,0.837,bfb6e769-2456-4027-a6da-e9e05b627a21,Baidu,baidu,32.9,27.9,41.3,0.776,0.811,0.035,0.467,0.315,0.931,0.493,0.413,0.391,0.023,0.057,0.0,0.485,0.28,1.1
5d303dc9-c027-401f-9803-4e9aa3331007,GLM-4.5-Air,glm-4-5-air,2025-07-28,92.374,0.636,22.287,67437eb6-7dc1-4e93-befd-22c8b8ec2065,Z AI,zai,48.8,39.4,80.7,0.815,0.733,0.068,0.684,0.306,0.965,0.673,0.807,0.376,0.437,0.191,0.465,0.425,0.2,1.1
0081ab31-d10a-44a0-a10d-eee5533fec65,GLM-4.5V (Non-reasoning),glm-4-5v,2025-08-11,57.299,0.884,0.884,67437eb6-7dc1-4e93-befd-22c8b8ec2065,Z AI,zai,26.0,20.1,15.3,0.751,0.573,0.036,0.352,0.188,,,0.153,0.286,0.0,0.064,0.196,0.9,0.6,1.8
6a5d56e1-bb68-4205-8d9b-26b97888bc84,GLM-4.6 (Reasoning),glm-4-6-reasoning,2025-09-30,124.999,0.506,16.506,67437eb6-7dc1-4e93-befd-22c8b8ec2065,Z AI,zai,56.0,43.8,86.0,0.829,0.78,0.133,0.695,0.384,,,0.86,0.434,0.543,0.234,0.705,0.975,0.6,2.19
946e7aab-db1c-4c3f-b0b3-7720d0cff187,GLM-4.6 (Non-reasoning),glm-4-6,2025-09-30,56.529,0.565,0.565,67437eb6-7dc1-4e93-befd-22c8b8ec2065,Z AI,zai,44.7,38.7,44.3,0.784,0.632,0.052,0.561,0.331,,,0.443,0.367,0.263,0.27,0.769,0.988,0.6,2.15
3068def4-7270-4c06-a320-6f6a5623d564,GLM-4.5V (Reasoning),glm-4-5v-reasoning,2025-08-11,0.0,0.0,0.0,67437eb6-7dc1-4e93-befd-22c8b8ec2065,Z AI,zai,37.0,29.2,73.0,0.788,0.684,0.059,0.604,0.221,,,0.73,0.342,0.0,0.05,0.225,0.85,0.55,1.75
0f3ef2df-fb25-4ffd-8b78-f0432b633833,Aya Expanse 32B,aya-expanse-32b,2024-10-24,44.415,0.258,0.258,671d3708-c407-4b8f-b350-f728e4689d26,Cohere,cohere,13.6,9.8,2.3,0.377,0.23,0.045,0.137,0.149,0.449,0.0,0.023,0.288,0.107,0.007,0.0,0.75,0.5,1.5
c44b9736-5853-4257-8190-b4f2a8601367,Aya Expanse 8B,aya-expanse-8b,2024-10-24,81.774,0.299,0.299,671d3708-c407-4b8f-b350-f728e4689d26,Cohere,cohere,10.0,4.9,0.0,0.312,0.247,0.051,0.07,0.078,0.321,0.0,0.0,0.241,0.0,0.0,0.0,0.75,0.5,1.5
3bc32f13-5afa-4e28-bce1-10e57376686b,Command A,command-a,2025-03-13,79.696,0.243,0.243,671d3708-c407-4b8f-b350-f728e4689d26,Cohere,cohere,26.9,19.2,13.0,0.712,0.527,0.046,0.287,0.281,0.819,0.097,0.13,0.365,0.18,0.007,0.152,4.375,2.5,10.0
ac1031bc-c53e-4af7-9c6e-2005e0ff44fa,Apriel-v1.5-15B-Thinker,apriel-v1-5-15b-thinker,2025-09-30,0.0,0.0,0.0,7cc4f2b0-7e34-4459-82fd-667e93ca7f17,ServiceNow,servicenow,51.6,39.2,87.5,0.773,0.713,0.12,0.728,0.348,,,0.875,0.617,0.2,0.099,0.684,0.0,0.0,0.0
b4f14013-37dd-4c75-bd8a-378365d9ed77,Jamba 1.7 Mini,jamba-1-7-mini,2025-07-07,152.707,0.608,0.608,6216c686-bc60-4dbb-9f25-83e9dba803d1,AI21 Labs,ai21-labs,14.8,5.1,0.3,0.388,0.322,0.045,0.061,0.093,0.258,0.013,0.003,0.314,0.127,0.0,0.126,0.25,0.2,0.4
f78138d6-2e04-4a84-919a-20d177cb6ff1,Jamba Reasoning 3B,jamba-reasoning-3b,2025-10-08,0.0,0.0,0.0,6216c686-bc60-4dbb-9f25-83e9dba803d1,AI21 Labs,ai21-labs,20.9,9.2,10.7,0.577,0.333,0.046,0.21,0.059,,,0.107,0.524,0.07,0.007,0.158,0.0,0.0,0.0
78452c64-7303-4192-bca5-2d9ec5c623d4,Jamba 1.7 Large,jamba-1-7-large,2025-07-07,39.189,0.748,0.748,6216c686-bc60-4dbb-9f25-83e9dba803d1,AI21 Labs,ai21-labs,20.8,13.0,2.3,0.577,0.39,0.038,0.181,0.188,0.6,0.057,0.023,0.352,0.173,0.021,0.135,3.5,2.0,8.0
c8a79180-7d16-4474-8701-9a77c0baa56a,Qwen3 Next 80B A3B (Reasoning),qwen3-next-80b-a3b-reasoning,2025-09-11,164.222,1.162,13.341,d874d370-74d3-4fa0-ba00-5272f92f946b,Alibaba,alibaba,54.3,42.1,84.3,0.824,0.759,0.117,0.784,0.388,,,0.843,0.607,0.603,0.092,0.415,1.875,0.5,6.0
3373245b-e6dc-4b66-a7b0-3f06f9b7bd46,Qwen3 235B A22B 2507 Instruct,qwen3-235b-a22b-instruct-2507,2025-07-21,47.179,1.205,1.205,d874d370-74d3-4fa0-ba00-5272f92f946b,Alibaba,alibaba,45.3,34.2,71.7,0.828,0.753,0.106,0.524,0.36,0.98,0.717,0.717,0.461,0.312,0.142,0.333,1.225,0.7,2.8
b0249961-b8b2-479d-8325-a29ea17c7b89,Qwen3 4B 2507 Instruct,qwen3-4b-2507-instruct,2025-08-06,0.0,0.0,0.0,d874d370-74d3-4fa0-ba00-5272f92f946b,Alibaba,alibaba,30.4,20.0,52.3,0.672,0.517,0.047,0.377,0.181,,,0.523,0.335,0.073,0.043,0.266,0.0,0.0,0.0
ce3d286e-093d-413d-a81a-0270309f039e,Qwen3 VL 30B A3B (Reasoning),qwen3-vl-30b-a3b-reasoning,2025-10-03,104.388,1.226,20.386,d874d370-74d3-4fa0-ba00-5272f92f946b,Alibaba,alibaba,45.3,34.5,82.3,0.807,0.72,0.087,0.697,0.288,,,0.823,0.451,0.407,0.05,0.199,0.75,0.2,2.4
dec8073c-57e2-41c0-b1aa-7a62960f103f,Qwen3 VL 8B (Reasoning),qwen3-vl-8b-reasoning,2025-10-14,63.579,1.018,32.476,d874d370-74d3-4fa0-ba00-5272f92f946b,Alibaba,alibaba,32.1,20.3,30.7,0.749,0.579,0.033,0.353,0.219,,,0.307,0.399,0.31,0.035,0.225,0.66,0.18,2.1
51d0b717-953d-4b44-af61-406c6b7dff39,Qwen3 VL 30B A3B Instruct,qwen3-vl-30b-a3b-instruct,2025-10-03,94.147,1.071,1.071,d874d370-74d3-4fa0-ba00-5272f92f946b,Alibaba,alibaba,38.5,28.0,72.3,0.764,0.695,0.064,0.476,0.308,,,0.723,0.331,0.237,0.057,0.19,0.35,0.2,0.8
3cf875b8-b6b5-42c0-ad70-617d5be59d00,Qwen3 VL 8B Instruct,qwen3-vl-8b-instruct,2025-10-14,111.028,1.014,1.014,d874d370-74d3-4fa0-ba00-5272f92f946b,Alibaba,alibaba,27.1,17.6,27.3,0.686,0.427,0.029,0.332,0.174,,,0.273,0.323,0.153,0.021,0.292,0.31,0.18,0.7
2aacdc07-5f4e-4ab9-8ea5-5f7ab93f9eeb,Qwen3 4B 2507 (Reasoning),qwen3-4b-2507-instruct-reasoning,2025-08-06,0.0,0.0,0.0,d874d370-74d3-4fa0-ba00-5272f92f946b,Alibaba,alibaba,43.4,30.4,82.7,0.743,0.667,0.059,0.641,0.256,,,0.827,0.498,0.377,0.014,0.254,0.0,0.0,0.0
f93d0750-b659-4ceb-a123-7e657904ef2b,Qwen3 VL 4B (Reasoning),qwen3-vl-4b-reasoning,2025-10-14,158.871,0.21,12.798,d874d370-74d3-4fa0-ba00-5272f92f946b,Alibaba,alibaba,27.3,16.8,25.7,0.7,0.494,0.044,0.32,0.171,,,0.257,0.366,0.213,0.014,0.155,0.325,0.1,1.0
f5d83128-047f-496d-ba49-8a428abe8345,Qwen3 VL 4B Instruct,qwen3-vl-4b-instruct,2025-10-14,165.291,0.394,0.394,d874d370-74d3-4fa0-ba00-5272f92f946b,Alibaba,alibaba,25.2,14.2,37.0,0.634,0.371,0.037,0.29,0.137,,,0.37,0.318,0.13,0.0,0.234,0.225,0.1,0.6
5e0164b3-d902-4bcb-a1b2-83b4f4cd6143,Qwen3 30B A3B 2507 (Reasoning),qwen3-30b-a3b-2507-reasoning,2025-07-30,101.155,1.365,21.137,d874d370-74d3-4fa0-ba00-5272f92f946b,Alibaba,alibaba,46.4,36.3,56.3,0.805,0.707,0.098,0.707,0.333,0.976,0.907,0.563,0.507,0.59,0.05,0.281,0.75,0.2,2.4
2698f6c6-e436-47ce-a583-dbc25596c571,Qwen3 Next 80B A3B Instruct,qwen3-next-80b-a3b-instruct,2025-09-11,140.063,1.164,1.164,d874d370-74d3-4fa0-ba00-5272f92f946b,Alibaba,alibaba,44.8,35.4,66.3,0.819,0.738,0.073,0.684,0.307,,,0.663,0.397,0.513,0.071,0.216,0.875,0.5,2.0
7ec1065a-c90e-41e4-bd17-abb7042eed76,Qwen3 30B A3B 2507 Instruct,qwen3-30b-a3b-2507,2025-07-29,87.169,1.067,1.067,d874d370-74d3-4fa0-ba00-5272f92f946b,Alibaba,alibaba,37.0,29.2,66.3,0.777,0.659,0.068,0.515,0.304,0.975,0.727,0.663,0.331,0.227,0.057,0.102,0.35,0.2,0.8
a803d3d0-d22e-49a0-ac2c-b9c6f1141065,Qwen3 VL 235B A22B (Reasoning),qwen3-vl-235b-a22b-reasoning,2025-09-23,44.7,1.367,46.109,d874d370-74d3-4fa0-ba00-5272f92f946b,Alibaba,alibaba,54.4,38.4,88.3,0.836,0.772,0.101,0.646,0.399,,,0.883,0.565,0.587,0.106,0.541,2.625,0.7,8.4
0b226b82-1462-4860-bf1a-f8aed7024791,Qwen3 Omni 30B A3B Instruct,qwen3-omni-30b-a3b-instruct,2025-09-22,9.594,3.463,3.463,d874d370-74d3-4fa0-ba00-5272f92f946b,Alibaba,alibaba,30.2,20.8,52.3,0.725,0.62,0.051,0.422,0.186,,,0.523,0.312,0.0,0.014,0.164,0.43,0.25,0.97
d58cf573-1bd3-4d1f-9182-5482a460f570,Qwen3 VL 235B A22B Instruct,qwen3-vl-235b-a22b-instruct,2025-09-23,38.327,1.17,1.17,d874d370-74d3-4fa0-ba00-5272f92f946b,Alibaba,alibaba,44.1,33.9,70.7,0.823,0.712,0.063,0.594,0.359,,,0.707,0.427,0.317,0.064,0.351,1.225,0.7,2.8
da9fe224-8af3-46d7-a8c4-6220779c3f35,Qwen3 Coder 30B A3B Instruct,qwen3-coder-30b-a3b-instruct,2025-07-31,84.975,1.627,1.627,d874d370-74d3-4fa0-ba00-5272f92f946b,Alibaba,alibaba,33.4,27.4,29.0,0.706,0.516,0.04,0.403,0.278,0.893,0.297,0.29,0.327,0.29,0.142,0.345,0.9,0.45,2.25
093883ed-f5fc-443b-8e18-afbfb166699e,Qwen3 Coder 480B A35B Instruct,qwen3-coder-480b-a35b-instruct,2025-07-22,39.638,1.744,1.744,d874d370-74d3-4fa0-ba00-5272f92f946b,Alibaba,alibaba,42.3,37.4,39.3,0.788,0.618,0.044,0.585,0.359,0.942,0.477,0.393,0.405,0.423,0.177,0.436,3.0,1.5,7.5
d370fcbf-c4a1-41a2-abc4-d204fcc3fcbf,Qwen3 VL 32B (Reasoning),qwen3-vl-32b-reasoning,2025-10-21,51.532,1.051,39.862,d874d370-74d3-4fa0-ba00-5272f92f946b,Alibaba,alibaba,51.9,36.4,84.7,0.818,0.733,0.096,0.738,0.285,,,0.847,0.594,0.553,0.071,0.456,2.625,0.7,8.4
7ae943a9-9310-4472-a834-c61f0ab68485,Qwen3 Max,qwen3-max,2025-09-23,32.261,4.028,4.028,d874d370-74d3-4fa0-ba00-5272f92f946b,Alibaba,alibaba,55.1,44.7,80.7,0.841,0.764,0.111,0.767,0.383,,,0.807,0.441,0.467,0.191,0.743,2.4,1.2,6.0
6da314d3-a984-4734-8f31-47dd32fb4699,Qwen3 VL 32B Instruct,qwen3-vl-32b-instruct,2025-10-21,48.114,1.146,1.146,d874d370-74d3-4fa0-ba00-5272f92f946b,Alibaba,alibaba,41.0,29.8,68.3,0.791,0.671,0.063,0.514,0.301,,,0.683,0.392,0.313,0.078,0.292,1.225,0.7,2.8
f6ccbe1d-bd7e-484b-9795-18cc9f91552d,Qwen3 235B A22B 2507 (Reasoning),qwen3-235b-a22b-instruct-2507-reasoning,2025-07-25,80.635,1.255,26.058,d874d370-74d3-4fa0-ba00-5272f92f946b,Alibaba,alibaba,57.5,44.6,91.0,0.843,0.79,0.15,0.788,0.424,0.984,0.94,0.91,0.512,0.67,0.128,0.532,2.625,0.7,8.4
b97ef678-2d31-4375-9416-67ea97f87204,Qwen3 Omni 30B A3B (Reasoning),qwen3-omni-30b-a3b-reasoning,2025-09-22,92.909,1.094,22.621,d874d370-74d3-4fa0-ba00-5272f92f946b,Alibaba,alibaba,40.0,34.0,74.0,0.792,0.726,0.073,0.679,0.306,,,0.74,0.434,0.0,0.035,0.213,0.43,0.25,0.97
fe11ab6c-a4dd-4c28-9fef-07da76d5ed14,Llama 65B,llama-65b,2023-02-24,0.0,0.0,0.0,e1694725-0192-4e54-b1b8-c97e816c6cbe,Meta,meta,1.0,,,,,,,,,,,,,,,0.0,0.0,0.0
882a5da3-94ca-4602-8693-c45970df17e2,Ling-flash-2.0,ling-flash-2-0,2025-09-17,55.713,1.855,1.855,4df238a9-d4fd-4cf2-ab1e-d12956c41f9b,InclusionAI,inclusionai,38.3,32.6,65.3,0.777,0.657,0.063,0.589,0.289,,,0.653,0.344,0.15,0.099,0.208,0.247,0.14,0.57
15b56b8e-7b93-4ed9-ac06-75c922e3b86e,Ling-1T,ling-1t,2025-10-08,15.099,0.835,0.835,4df238a9-d4fd-4cf2-ab1e-d12956c41f9b,InclusionAI,inclusionai,44.8,37.6,71.3,0.822,0.719,0.072,0.677,0.352,,,0.713,0.348,0.347,0.099,0.327,0.998,0.57,2.28
47b7df55-5804-40de-ba11-317de786710a,Ring-flash-2.0,ring-flash-2-0,2025-09-19,80.408,2.461,27.334,4df238a9-d4fd-4cf2-ab1e-d12956c41f9b,InclusionAI,inclusionai,39.5,28.9,83.7,0.793,0.725,0.089,0.628,0.168,,,0.837,0.433,0.21,0.071,0.0,0.247,0.14,0.57
3d64bf83-232e-427e-8590-26b478bae4a8,Ling-mini-2.0,ling-mini-2-0,2025-09-09,154.205,2.17,2.17,4df238a9-d4fd-4cf2-ab1e-d12956c41f9b,InclusionAI,inclusionai,27.8,19.0,49.3,0.671,0.562,0.05,0.429,0.135,,,0.493,0.236,0.067,0.007,0.132,0.122,0.07,0.28
5c6533f3-75a2-4109-b9a9-3623afc6b86a,Seed-OSS-36B-Instruct,seed-oss-36b-instruct,2025-08-20,30.14,1.868,68.226,2354746c-4775-4a06-b64d-0ba4137785b8,ByteDance Seed,bytedance_seed,51.6,39.8,84.7,0.815,0.726,0.091,0.765,0.365,,,0.847,0.419,0.577,0.064,0.494,0.3,0.21,0.57
5ad2f60f-ee05-49fd-85a0-cef69aa7cb7b,o1,o1,2024-12-05,0.0,0.0,0.0,e67e56e3-15cd-43db-b679-da4660a69f41,OpenAI,openai,47.2,38.6,,0.841,0.747,0.077,0.679,0.358,0.97,0.723,,,,0.121,0.626,26.25,15.0,60.0
078f4dc8-5350-40a2-a5ea-e8359f795b70,o1-preview,o1-preview,2024-09-12,0.0,0.0,0.0,e67e56e3-15cd-43db-b679-da4660a69f41,OpenAI,openai,44.9,34.0,,,,,,,0.924,,,,,,,28.875,16.5,66.0
b515503d-4d65-4a3f-8a4a-6c731e2b079f,o1-mini,o1-mini,2024-09-12,0.0,0.0,0.0,e67e56e3-15cd-43db-b679-da4660a69f41,OpenAI,openai,39.2,,,0.742,0.603,0.049,0.576,0.323,0.944,0.603,,,,,,0.0,0.0,0.0
8c1be908-67b6-4cf4-ba08-83ddbe44fde3,GPT-4o (Aug '24),gpt-4o-2024-08-06,2024-08-06,54.649,0.711,0.711,e67e56e3-15cd-43db-b679-da4660a69f41,OpenAI,openai,29.0,,,,0.521,0.029,0.317,,0.795,0.117,,,,,,4.375,2.5,10.0
e98e911e-9fb2-4a9a-826e-3d681d0cdca8,GPT-4o (May '24),gpt-4o-2024-05-13,2024-05-13,71.538,0.947,0.947,e67e56e3-15cd-43db-b679-da4660a69f41,OpenAI,openai,26.3,24.2,,0.74,0.526,0.028,0.334,0.309,0.791,0.11,,,,,,7.5,5.0,15.0
76aa6af5-fdc6-4739-a300-983f14e74a67,GPT-4 Turbo,gpt-4-turbo,2023-11-06,25.405,1.134,1.134,e67e56e3-15cd-43db-b679-da4660a69f41,OpenAI,openai,24.2,21.5,,0.694,,0.033,0.291,0.319,0.737,0.15,,,,,,15.0,10.0,30.0
c1045dc0-4fd3-4adb-9548-18763e0d051f,GPT-4o (Nov '24),gpt-4o,2024-11-20,97.925,0.701,0.701,e67e56e3-15cd-43db-b679-da4660a69f41,OpenAI,openai,27.0,24.0,6.0,0.748,0.543,0.033,0.309,0.333,0.759,0.15,0.06,0.343,0.0,0.078,0.251,4.375,2.5,10.0
b5c1c91a-7474-4409-9a9c-9c2ac45d9eb6,GPT-4o mini,gpt-4o-mini,2024-07-18,42.033,0.743,0.743,e67e56e3-15cd-43db-b679-da4660a69f41,OpenAI,openai,21.2,,14.7,0.648,0.426,0.04,0.234,0.229,0.789,0.117,0.147,0.31,,,,0.263,0.15,0.6
037dec2f-51e8-4127-a1f1-85155dae7a1d,GPT-3.5 Turbo,gpt-35-turbo,2022-11-30,96.701,0.581,0.581,e67e56e3-15cd-43db-b679-da4660a69f41,OpenAI,openai,8.3,10.7,,0.462,0.297,,,,0.441,,,,,,,0.75,0.5,1.5
9f7c7566-a704-49a2-a383-cb3181da33a4,GPT-4.1 mini,gpt-4-1-mini,2025-04-14,63.609,1.108,1.108,e67e56e3-15cd-43db-b679-da4660a69f41,OpenAI,openai,42.5,31.9,46.3,0.781,0.664,0.046,0.483,0.404,0.925,0.43,0.463,0.383,0.423,0.071,0.529,0.7,0.4,1.6
72c358fd-7d45-4d68-89aa-699743710924,GPT-4.1 nano,gpt-4-1-nano,2025-04-14,82.986,0.71,0.71,e67e56e3-15cd-43db-b679-da4660a69f41,OpenAI,openai,27.3,20.7,24.0,0.657,0.512,0.039,0.326,0.259,0.848,0.237,0.24,0.32,0.17,0.035,0.173,0.175,0.1,0.4
8b1a70d1-e05f-426b-9122-023d4629ab47,GPT-3.5 Turbo (0613),gpt-3-5-turbo-0613,2023-06-13,0.0,0.0,0.0,e67e56e3-15cd-43db-b679-da4660a69f41,OpenAI,openai,,,,,,,,,,,,,,,,0.0,0.0,0.0
3b608b70-6434-4baa-99ad-45d499703c67,GPT-4.1,gpt-4-1,2025-04-14,82.18,0.735,0.735,e67e56e3-15cd-43db-b679-da4660a69f41,OpenAI,openai,43.4,32.2,34.7,0.806,0.666,0.046,0.457,0.381,0.913,0.437,0.347,0.43,0.61,0.128,0.471,3.5,2.0,8.0
076f2674-bc4b-4925-be59-50832eb8c090,o3-mini (high),o3-mini-high,2025-01-31,0.0,0.0,0.0,e67e56e3-15cd-43db-b679-da4660a69f41,OpenAI,openai,50.8,42.1,,0.802,0.773,0.123,0.734,0.398,0.985,0.86,,,,,0.313,1.925,1.1,4.4
4343afb1-c928-44c9-92e2-68fa1195b6f5,GPT-4o mini Realtime (Dec '24),gpt-4o-mini-realtime-dec-2024,2024-12-17,0.0,0.0,0.0,e67e56e3-15cd-43db-b679-da4660a69f41,OpenAI,openai,,,,,,,,,,,,,,,,0.0,0.0,0.0
c43aa1f9-31bd-4a99-be70-84c5e6bd2e75,Qwen Chat 14B,qwen-chat-14b,2023-09-25,0.0,0.0,0.0,d874d370-74d3-4fa0-ba00-5272f92f946b,Alibaba,alibaba,1.0,,,,,,,,,,,,,,,0.0,0.0,0.0
2dad8957-4c16-4e74-bf2d-8b21514e0ae9,o3-mini,o3-mini,2025-01-31,0.0,0.0,0.0,e67e56e3-15cd-43db-b679-da4660a69f41,OpenAI,openai,48.1,39.4,,0.791,0.748,0.087,0.717,0.399,0.973,0.77,,,,0.064,0.287,1.925,1.1,4.4
84b49308-6b93-47aa-a4f6-776ee1a1e8cd,o4-mini (high),o4-mini,2025-04-16,0.0,0.0,0.0,e67e56e3-15cd-43db-b679-da4660a69f41,OpenAI,openai,59.6,48.9,90.7,0.832,0.784,0.175,0.859,0.465,0.989,0.94,0.907,0.687,0.55,0.142,0.556,1.925,1.1,4.4
e2e9ddc3-8c2d-4bf5-a60a-83a1afe61034,GPT-4o Realtime (Dec '24),gpt-4o-realtime-dec-2024,2024-12-17,0.0,0.0,0.0,e67e56e3-15cd-43db-b679-da4660a69f41,OpenAI,openai,,,,,,,,,,,,,,,,0.0,0.0,0.0
b4784397-aa28-411b-b011-9c4331bfa9c8,GPT-4o (ChatGPT),gpt-4o-chatgpt,2025-02-15,133.955,0.586,0.586,e67e56e3-15cd-43db-b679-da4660a69f41,OpenAI,openai,25.3,,,0.773,0.511,0.037,,0.334,0.797,0.103,,,0.53,,,7.5,5.0,15.0
ca04852c-eaae-4881-a208-f9b2ca3b7cd6,o3-pro,o3-pro,2025-06-10,0.0,0.0,0.0,e67e56e3-15cd-43db-b679-da4660a69f41,OpenAI,openai,65.3,,,,0.845,,,,,,,,,,,35.0,20.0,80.0
e8d4100e-165b-4c5d-ac11-ac553590a334,o1-pro,o1-pro,2025-03-19,0.0,0.0,0.0,e67e56e3-15cd-43db-b679-da4660a69f41,OpenAI,openai,48.0,,,,,,,,,,,,,,,262.5,150.0,600.0
575498d6-60ec-466b-9372-fea19911fd07,"GPT-4o (March 2025, chatgpt-4o-latest)",gpt-4o-chatgpt-03-25,2025-03-27,138.335,0.889,0.889,e67e56e3-15cd-43db-b679-da4660a69f41,OpenAI,openai,35.6,,25.7,0.803,0.655,0.05,0.425,0.366,0.893,0.327,0.257,,,,,7.5,5.0,15.0
6a7c0e25-1dcb-4b15-8495-a8536a9da051,GPT-4,gpt-4,2023-03-14,26.334,1.045,1.045,e67e56e3-15cd-43db-b679-da4660a69f41,OpenAI,openai,21.5,13.1,,,,,,,,,,,,,,37.5,30.0,60.0
5ce30d25-5353-45bb-bef9-6b87480ba3a2,GPT-4.5 (Preview),gpt-4-5,2025-02-27,0.0,0.0,0.0,e67e56e3-15cd-43db-b679-da4660a69f41,OpenAI,openai,38.4,,,,,,,,,,,,,,,0.0,0.0,0.0
466aecdb-3d96-4191-bc52-b3366db38851,Llama 3.1 Instruct 70B,llama-3-1-instruct-70b,2024-07-23,116.633,0.415,0.415,e1694725-0192-4e54-b1b8-c97e816c6cbe,Meta,meta,22.6,17.6,4.0,0.676,0.409,0.046,0.232,0.267,0.649,0.173,0.04,0.344,0.063,0.028,0.152,0.56,0.56,0.56
739684ba-0f63-4e2a-b4ee-30741c9e9320,Llama 3.1 Instruct 8B,llama-3-1-instruct-8b,2024-07-23,190.825,0.334,0.334,e1694725-0192-4e54-b1b8-c97e816c6cbe,Meta,meta,16.9,8.5,4.3,0.476,0.259,0.051,0.116,0.132,0.519,0.077,0.043,0.286,0.157,0.007,0.164,0.1,0.1,0.1
71e8d48c-1920-4f27-8ea9-1f10becc615a,Llama 3.2 Instruct 3B,llama-3-2-instruct-3b,2024-09-25,123.498,0.523,0.523,e1694725-0192-4e54-b1b8-c97e816c6cbe,Meta,meta,11.2,,3.3,0.347,0.255,0.052,0.083,0.052,0.489,0.067,0.033,0.262,0.02,,0.211,0.06,0.06,0.06
aa83359a-d804-4f0b-b5bf-dc637711c26f,Llama 3 Instruct 70B,llama-3-instruct-70b,2024-04-18,72.055,0.436,0.436,e1694725-0192-4e54-b1b8-c97e816c6cbe,Meta,meta,13.0,,,0.574,0.379,0.044,0.198,0.189,0.483,0.0,,,,,,0.88,0.65,0.88
82879bb8-89fb-4adc-b519-315b8ef30b77,Llama 3 Instruct 8B,llama-3-instruct-8b,2024-04-18,67.288,0.381,0.381,e1694725-0192-4e54-b1b8-c97e816c6cbe,Meta,meta,7.0,,,0.405,0.296,0.051,0.096,0.119,0.499,0.0,,,,,,0.07,0.045,0.155
80f7860a-7665-4658-9f05-15bccf5f832f,Llama 3.2 Instruct 1B,llama-3-2-instruct-1b,2024-09-25,73.488,0.447,0.447,e1694725-0192-4e54-b1b8-c97e816c6cbe,Meta,meta,8.9,1.2,0.0,0.2,0.196,0.053,0.019,0.017,0.14,0.0,0.0,0.228,0.05,0.0,0.123,0.053,0.053,0.055
599da8e0-bd9c-4b38-a127-b50e371fbcf8,Llama 2 Chat 70B,llama-2-chat-70b,2023-07-18,0.0,0.0,0.0,e1694725-0192-4e54-b1b8-c97e816c6cbe,Meta,meta,5.6,,,0.406,0.327,0.05,0.098,,0.323,0.0,,,,,,0.0,0.0,0.0
ffd65ef7-fbdb-4145-98ae-b5d01cda770b,Llama 2 Chat 7B,llama-2-chat-7b,2023-07-18,113.597,12.142,12.142,e1694725-0192-4e54-b1b8-c97e816c6cbe,Meta,meta,11.3,,,0.164,0.227,0.058,0.002,0.0,0.059,0.0,,,,,,0.1,0.05,0.25
6b08a75a-19ee-40b4-be33-133b8ef42f92,Llama 2 Chat 13B,llama-2-chat-13b,2023-07-18,0.0,0.0,0.0,e1694725-0192-4e54-b1b8-c97e816c6cbe,Meta,meta,5.5,,,0.406,0.321,0.047,0.098,0.118,0.329,0.017,,,,,,0.0,0.0,0.0
c6a47d8a-7517-46e2-8383-329fe7241725,Gemini 2.0 Pro Experimental (Feb '25),gemini-2-0-pro-experimental-02-05,2025-02-05,42.52,14.787,14.787,faddc6d9-2c14-445f-9b28-56726f59c793,Google,google,34.6,25.5,,0.805,0.622,0.068,0.347,0.312,0.923,0.36,,,,,,0.0,0.0,0.0
fddb72bd-60d3-41af-acc5-3df9a290eb8e,Gemini 2.0 Flash (experimental),gemini-2-0-flash-experimental,2024-12-11,137.591,0.426,0.426,faddc6d9-2c14-445f-9b28-56726f59c793,Google,google,31.8,,,0.782,0.636,0.047,0.21,0.34,0.911,0.3,,,,,,0.0,0.0,0.0
2ac96b67-f4f8-4c8c-ac08-c7510faa7bb9,Gemini 1.5 Pro (Sep '24),gemini-1-5-pro,2024-09-24,0.0,0.0,0.0,faddc6d9-2c14-445f-9b28-56726f59c793,Google,google,30.0,23.6,,0.75,0.589,0.049,0.316,0.295,0.876,0.23,,,,,,0.0,0.0,0.0
3de55b83-e02b-412e-8211-315bbebe3e94,Gemini 2.0 Flash-Lite (Preview),gemini-2-0-flash-lite-preview,2025-02-05,170.216,0.337,0.337,faddc6d9-2c14-445f-9b28-56726f59c793,Google,google,26.3,,,,0.542,0.044,0.179,0.247,0.873,0.303,,,,,,0.131,0.075,0.3
bcca0e70-7e80-4c07-b1fa-b33bcfb19e51,Gemini 2.0 Flash (Feb '25),gemini-2-0-flash,2025-02-05,144.889,0.388,0.388,faddc6d9-2c14-445f-9b28-56726f59c793,Google,google,33.6,23.4,21.7,0.779,0.623,0.053,0.334,0.333,0.93,0.33,0.217,0.402,0.283,0.035,0.295,0.175,0.1,0.4
41faf421-118b-465b-b170-d200776580d1,Gemini 1.5 Flash (Sep '24),gemini-1-5-flash,2024-09-24,0.0,0.0,0.0,faddc6d9-2c14-445f-9b28-56726f59c793,Google,google,24.4,,,0.68,0.463,0.035,0.273,0.267,0.827,0.18,,,,,,0.0,0.0,0.0
8b6574d7-03ce-4847-882c-064467349a45,Gemma 2 27B,gemma-2-27b,2024-06-27,0.0,0.0,0.0,faddc6d9-2c14-445f-9b28-56726f59c793,Google,google,17.2,,,0.575,0.357,0.037,0.279,0.125,0.541,0.297,,,,,,0.0,0.0,0.0
53082390-b2ac-408e-aa69-cc885b3984b4,Gemma 2 9B,gemma-2-9b,2024-06-27,0.0,0.0,0.0,faddc6d9-2c14-445f-9b28-56726f59c793,Google,google,7.8,,,0.495,0.311,0.039,0.126,0.007,0.517,0.0,,,,,,0.045,0.03,0.09
94229066-9381-4ee1-bf70-a16d63756a6e,Gemini 1.5 Flash-8B,gemini-1-5-flash-8b,2024-10-03,0.0,0.0,0.0,faddc6d9-2c14-445f-9b28-56726f59c793,Google,google,16.3,,,0.569,0.359,0.045,0.217,0.229,0.689,0.033,,,,,,0.0,0.0,0.0
6afbfb62-27e4-435e-9c85-d9fe1b92519e,Gemini 2.5 Flash (Non-reasoning),gemini-2-5-flash,2025-05-20,223.916,0.424,0.424,faddc6d9-2c14-445f-9b28-56726f59c793,Google,google,40.4,30.0,60.3,0.809,0.683,0.051,0.495,0.291,0.932,0.5,0.603,0.39,0.459,0.113,0.149,0.85,0.3,2.5
ac48c49d-9e77-4394-ac4e-d1ee51fd5fee,Gemini 1.5 Flash (May '24),gemini-1-5-flash-may-2024,2024-05-14,0.0,0.0,0.0,faddc6d9-2c14-445f-9b28-56726f59c793,Google,google,14.0,,,0.574,0.324,0.042,0.196,0.181,0.554,0.093,,,,,,0.0,0.0,0.0
8ddacd41-bf43-411b-aa30-43ebf0567dd8,Gemini 1.0 Pro,gemini-1-0-pro,2023-12-06,0.0,0.0,0.0,faddc6d9-2c14-445f-9b28-56726f59c793,Google,google,6.2,,,0.431,0.277,0.046,0.116,0.117,0.403,0.007,,,,,,0.0,0.0,0.0
7b269763-ecc0-41ef-aa29-47ef632ac065,Gemini 2.0 Flash-Lite (Feb '25),gemini-2-0-flash-lite-001,2025-02-25,160.691,0.29,0.29,faddc6d9-2c14-445f-9b28-56726f59c793,Google,google,26.8,,,0.724,0.535,0.036,0.185,0.25,0.873,0.277,,,,,,0.131,0.075,0.3
16f2578b-1b28-4be3-b371-700c2677bcd6,Gemini 1.5 Pro (May '24),gemini-1-5-pro-may-2024,2024-05-15,0.0,0.0,0.0,faddc6d9-2c14-445f-9b28-56726f59c793,Google,google,19.2,19.8,,0.657,0.371,0.039,0.244,0.274,0.673,0.08,,,,,,0.0,0.0,0.0
0399e614-5d46-484f-9183-e4f32d74e1c6,Gemini 2.0 Flash Thinking Experimental (Jan '25),gemini-2-0-flash-thinking-exp-0121,2025-01-21,0.0,0.0,0.0,faddc6d9-2c14-445f-9b28-56726f59c793,Google,google,37.7,24.1,,0.798,0.701,0.071,0.321,0.329,0.944,0.5,,,,,,0.0,0.0,0.0
219ed587-60c5-4a48-9517-8480e08d0ca1,Gemini 2.5 Flash (Reasoning),gemini-2-5-flash-reasoning,2025-05-20,268.37,13.547,13.547,faddc6d9-2c14-445f-9b28-56726f59c793,Google,google,51.2,40.5,73.3,0.832,0.79,0.111,0.695,0.394,0.981,0.823,0.733,0.503,0.617,0.128,0.316,0.85,0.3,2.5
dfeeb904-e784-4d5c-ad66-9400146b150b,Gemini 2.0 Flash Thinking Experimental (Dec '24),gemini-2-0-flash-thinking-exp-1219,2024-12-19,251.288,17.056,17.056,faddc6d9-2c14-445f-9b28-56726f59c793,Google,google,20.2,,,,,,,,0.48,,,,,,,0.0,0.0,0.0
073b5329-c4b3-4f1f-8f97-4753aadf4398,Gemini 2.5 Pro Preview (May' 25),gemini-2-5-pro-05-06,2025-05-06,147.416,41.98,41.98,faddc6d9-2c14-445f-9b28-56726f59c793,Google,google,53.2,,,0.837,0.822,0.154,0.77,0.416,0.986,0.843,,,,,,3.438,1.25,10.0
55a3ebf6-6117-4cc1-8596-c6de6e552fd4,Gemini 2.5 Flash Preview (Non-reasoning),gemini-2-5-flash-04-2025,2025-04-17,0.0,0.0,0.0,faddc6d9-2c14-445f-9b28-56726f59c793,Google,google,34.1,,,0.783,0.594,0.05,0.406,0.233,0.926,0.433,,,,,,0.0,0.0,0.0
68c89ebf-779c-4445-9241-de964cd17355,Gemini 2.5 Flash Preview (Reasoning),gemini-2-5-flash-reasoning-04-2025,2025-04-17,0.0,0.0,0.0,faddc6d9-2c14-445f-9b28-56726f59c793,Google,google,45.8,,,0.8,0.698,0.116,0.505,0.359,0.981,0.843,,,,,,0.0,0.0,0.0
bd2c3517-00d8-4ba5-a989-1f1e52f3ffab,Gemma 3n E4B Instruct Preview (May '25),gemma-3n-e4b-preview-0520,2025-05-20,0.0,0.0,0.0,faddc6d9-2c14-445f-9b28-56726f59c793,Google,google,12.5,,,0.483,0.278,0.049,0.138,0.086,0.749,0.107,,,,,,0.0,0.0,0.0
1d81aa1c-64c8-442a-9c41-81b37e407b91,Gemini 2.5 Flash-Lite (Non-reasoning),gemini-2-5-flash-lite,2025-06-17,395.452,0.229,0.229,faddc6d9-2c14-445f-9b28-56726f59c793,Google,google,30.1,19.9,35.3,0.724,0.474,0.037,0.4,0.177,0.926,0.5,0.353,0.315,0.313,0.021,0.19,0.175,0.1,0.4
515852e7-ba9c-4571-8cf9-82ad6b45f22f,PALM-2,palm-2,2023-05-10,0.0,0.0,0.0,faddc6d9-2c14-445f-9b28-56726f59c793,Google,google,6.6,4.6,,,,,,,,,,,,,,0.0,0.0,0.0
62de31e8-a1a3-429c-b634-a2afccfd9363,Gemini 2.5 Pro Preview (Mar' 25),gemini-2-5-pro-03-25,2025-03-25,145.785,35.293,35.293,faddc6d9-2c14-445f-9b28-56726f59c793,Google,google,54.1,46.7,,0.858,0.836,0.171,0.778,0.395,0.98,0.87,,,,,,3.438,1.25,10.0
2ae624ca-25b4-4cc8-8970-cdfdd3320691,Gemini 1.0 Ultra,gemini-1-0-ultra,2023-12-06,0.0,0.0,0.0,faddc6d9-2c14-445f-9b28-56726f59c793,Google,google,12.8,17.6,,,,,,,,,,,,,,0.0,0.0,0.0
f4e8194a-d0e6-48eb-92be-4307de5aeeec,Gemini 2.5 Flash-Lite (Reasoning),gemini-2-5-flash-lite-reasoning,2025-06-17,391.336,9.896,9.896,faddc6d9-2c14-445f-9b28-56726f59c793,Google,google,40.1,27.6,53.3,0.759,0.625,0.064,0.593,0.193,0.969,0.703,0.533,0.499,0.513,0.043,0.184,0.175,0.1,0.4
0a603978-03b9-4f47-a273-2f7fd969be85,Claude 3.5 Sonnet (Oct '24),claude-35-sonnet,2024-10-22,0.0,0.0,0.0,f0aa413f-e8ae-4fcd-9c48-0e049f4f3128,Anthropic,anthropic,29.9,30.2,,0.772,0.599,0.039,0.381,0.366,0.771,0.157,,,,,,6.0,3.0,15.0
aca9c1ad-fc86-49f3-a312-b1e517ea100c,Claude 3.5 Sonnet (June '24),claude-35-sonnet-june-24,2024-06-21,0.0,0.0,0.0,f0aa413f-e8ae-4fcd-9c48-0e049f4f3128,Anthropic,anthropic,25.4,26.0,,0.751,0.56,0.037,,0.316,0.695,0.097,,,,,,6.0,3.0,15.0
7829427f-f0e3-4f6d-a228-5fbf70dacc02,Claude 3 Opus,claude-3-opus,2024-03-04,27.046,1.155,1.155,f0aa413f-e8ae-4fcd-9c48-0e049f4f3128,Anthropic,anthropic,20.6,19.5,,0.696,0.489,0.031,0.279,0.233,0.641,0.033,,,,,,30.0,15.0,75.0
033e4aa9-a556-4224-87b0-341ed1070257,Claude 3.5 Haiku,claude-3-5-haiku,2024-10-22,48.235,0.711,0.711,f0aa413f-e8ae-4fcd-9c48-0e049f4f3128,Anthropic,anthropic,20.2,,,0.634,0.408,0.035,0.314,0.274,0.721,0.033,,,,,,1.6,0.8,4.0
b2e68f0a-8f66-4e4c-9821-2b786cea601b,Claude 3 Sonnet,claude-3-sonnet,2024-03-04,0.0,0.0,0.0,f0aa413f-e8ae-4fcd-9c48-0e049f4f3128,Anthropic,anthropic,13.3,,,0.579,0.4,0.038,0.175,0.229,0.414,0.047,,,,,,6.0,3.0,15.0
1fc54cef-d179-48b1-a27d-046874e9b208,Claude 3 Haiku,claude-3-haiku,2024-03-04,109.877,0.496,0.496,f0aa413f-e8ae-4fcd-9c48-0e049f4f3128,Anthropic,anthropic,9.6,,,,,,0.154,0.186,0.394,0.01,,,,,,0.5,0.25,1.25
83cb898e-05d9-4e4b-9de3-2d305014d923,Claude Instant,claude-instant,2023-03-14,0.0,0.0,0.0,f0aa413f-e8ae-4fcd-9c48-0e049f4f3128,Anthropic,anthropic,1.0,7.8,,0.434,0.33,0.038,0.109,,0.264,0.0,,,,,,0.0,0.0,0.0
504412c2-2ada-499b-aebf-7e0a35c9d286,Claude 4 Opus (Non-reasoning),claude-4-opus,2025-05-22,39.504,1.419,1.419,f0aa413f-e8ae-4fcd-9c48-0e049f4f3128,Anthropic,anthropic,42.3,,36.3,0.86,0.701,0.059,0.542,0.409,0.941,0.563,0.363,0.433,0.36,,,30.0,15.0,75.0
13358187-4584-479c-ab43-5bcdf8f297a4,Claude 3.7 Sonnet (Reasoning),claude-3-7-sonnet-thinking,2025-02-24,71.972,0.587,15.94,f0aa413f-e8ae-4fcd-9c48-0e049f4f3128,Anthropic,anthropic,49.9,35.8,56.3,0.837,0.772,0.103,0.473,0.403,0.947,0.487,0.563,0.483,0.607,0.199,0.547,6.0,3.0,15.0
a7564055-f8ba-4c4b-9e2d-060f61263645,Claude 4 Sonnet (Reasoning),claude-4-sonnet-thinking,2025-05-22,51.644,1.854,40.581,f0aa413f-e8ae-4fcd-9c48-0e049f4f3128,Anthropic,anthropic,56.5,45.1,74.3,0.842,0.777,0.096,0.655,0.4,0.991,0.773,0.743,0.547,0.647,0.298,0.646,6.0,3.0,15.0
d034dafe-463d-4c50-956f-84fca657b26f,Claude 4 Sonnet (Non-reasoning),claude-4-sonnet,2025-05-22,59.081,2.125,2.125,f0aa413f-e8ae-4fcd-9c48-0e049f4f3128,Anthropic,anthropic,44.4,35.9,38.0,0.837,0.683,0.04,0.449,0.373,0.934,0.407,0.38,0.454,0.443,0.255,0.523,6.0,3.0,15.0
8a4a5ead-7789-4389-8400-30e9d20370b7,Claude 4 Opus (Reasoning),claude-4-opus-thinking,2025-05-22,43.609,1.319,47.18,f0aa413f-e8ae-4fcd-9c48-0e049f4f3128,Anthropic,anthropic,54.2,44.2,73.3,0.873,0.796,0.117,0.636,0.398,0.982,0.757,0.733,0.537,0.337,0.291,0.705,30.0,15.0,75.0
9e141c0d-fc82-4e07-bb2e-fe0003bc030b,Claude 2.1,claude-21,2023-11-21,0.0,0.0,0.0,f0aa413f-e8ae-4fcd-9c48-0e049f4f3128,Anthropic,anthropic,9.7,14.0,,0.495,0.319,0.042,0.195,0.184,0.374,0.033,,,,,,0.0,0.0,0.0
d925845d-39ad-4de3-8495-f176b79828c0,Claude 3.7 Sonnet (Non-reasoning),claude-3-7-sonnet,2025-02-24,57.399,0.57,0.57,f0aa413f-e8ae-4fcd-9c48-0e049f4f3128,Anthropic,anthropic,41.1,32.3,21.0,0.803,0.656,0.048,0.394,0.376,0.85,0.223,0.21,0.44,0.483,0.199,0.5,6.0,3.0,15.0
ddc748d0-6a9b-466b-8d6c-68417980d56d,Claude 2.0,claude-2,2023-07-11,0.0,0.0,0.0,f0aa413f-e8ae-4fcd-9c48-0e049f4f3128,Anthropic,anthropic,8.6,12.9,,0.486,0.344,,0.171,0.194,,0.0,,,,,,0.0,0.0,0.0
50f92d5f-f413-4c97-8dab-331101622a28,Mistral Large 2 (Nov '24),mistral-large-2,2024-11-18,45.487,0.388,0.388,b5c0639a-cc9c-443b-a07e-bae6b7088933,Mistral,mistral,26.8,21.4,14.0,0.697,0.486,0.04,0.293,0.292,0.736,0.11,0.14,0.312,0.053,0.057,0.307,3.0,2.0,6.0
1b05e346-e86a-4a20-8feb-7da8c65a99aa,Mistral Large 2 (Jul '24),mistral-large-2407,2024-07-24,0.0,0.0,0.0,b5c0639a-cc9c-443b-a07e-bae6b7088933,Mistral,mistral,22.3,,0.0,0.683,0.472,0.032,0.267,0.271,0.714,0.093,0.0,0.316,0.017,,0.33,3.0,2.0,6.0
de0beaf0-c951-487a-8eb4-3dd12e74122c,Pixtral Large,pixtral-large-2411,2024-11-18,38.17,0.386,0.386,b5c0639a-cc9c-443b-a07e-bae6b7088933,Mistral,mistral,25.0,,2.3,0.701,0.505,0.036,0.261,0.292,0.714,0.07,0.023,0.345,0.103,,0.365,3.0,2.0,6.0
e5dd499f-c330-45ec-9ff0-a99209c82af7,Mistral Small 3,mistral-small-3,2025-01-30,171.265,0.313,0.313,b5c0639a-cc9c-443b-a07e-bae6b7088933,Mistral,mistral,21.2,,4.3,0.652,0.462,0.041,0.252,0.236,0.715,0.08,0.043,0.264,0.0,,0.196,0.15,0.1,0.3
7c045ca0-b331-488d-af31-df0fd331dfd1,Mistral Small (Sep '24),mistral-small,2024-09-17,79.446,0.315,0.315,b5c0639a-cc9c-443b-a07e-bae6b7088933,Mistral,mistral,13.0,,,0.529,0.381,0.043,0.141,0.156,0.563,0.063,,,,,,0.3,0.2,0.6
ca6c1412-f3c1-4391-9231-f83a702aa7af,Mixtral 8x22B Instruct,mistral-8x22b-instruct,2024-04-17,0.0,0.0,0.0,b5c0639a-cc9c-443b-a07e-bae6b7088933,Mistral,mistral,11.7,,,0.537,0.332,0.041,0.148,0.188,0.545,0.0,,,,,,3.0,2.0,6.0
35d602fc-b8b8-4698-9f4d-f2ce11ca50e4,Mistral Small (Feb '24),mistral-small-2402,2024-02-26,87.147,0.296,0.296,b5c0639a-cc9c-443b-a07e-bae6b7088933,Mistral,mistral,8.5,,,0.419,0.302,0.044,0.111,0.134,0.562,0.007,,,,,,1.5,1.0,3.0
5e4e4590-a77e-4b66-95f8-f3960a1a7c68,Mistral Large (Feb '24),mistral-large,2024-02-26,0.0,0.0,0.0,b5c0639a-cc9c-443b-a07e-bae6b7088933,Mistral,mistral,11.9,,,0.515,0.351,0.034,0.178,0.208,0.527,0.0,,,,,,6.0,4.0,12.0
3197f919-027c-4739-b8e1-c04e912c8a84,Pixtral 12B (2409),pixtral,2024-09-11,155.439,0.32,0.32,b5c0639a-cc9c-443b-a07e-bae6b7088933,Mistral,mistral,8.9,,,0.473,0.343,0.053,0.115,0.135,0.458,0.0,,,,,,0.15,0.15,0.15
265fff6b-44c0-4264-96b5-dca943ef0605,Mistral NeMo,mistral-nemo,2024-07-18,162.569,0.294,0.294,b5c0639a-cc9c-443b-a07e-bae6b7088933,Mistral,mistral,5.2,,,0.399,0.314,0.044,0.057,0.104,0.395,0.003,,,,,,0.15,0.15,0.15
3edcb2ed-6981-4f88-a556-563f7f8f00aa,Mixtral 8x7B Instruct,mixtral-8x7b-instruct,2023-12-11,0.0,0.0,0.0,b5c0639a-cc9c-443b-a07e-bae6b7088933,Mistral,mistral,2.6,,,0.387,0.292,0.045,0.066,0.028,0.299,0.0,,,,,,0.7,0.7,0.7
843c3155-6d57-48e1-80fd-d7481dedec29,Codestral-Mamba,codestral-mamba,2024-07-16,0.0,0.0,0.0,b5c0639a-cc9c-443b-a07e-bae6b7088933,Mistral,mistral,1.0,,,0.209,0.21,0.054,0.133,0.108,0.24,0.0,,,,,,0.0,0.0,0.0
217b34ec-5920-4fc1-8886-6a70a324837d,Mistral 7B Instruct,mistral-7b-instruct,2023-09-27,116.954,0.282,0.282,b5c0639a-cc9c-443b-a07e-bae6b7088933,Mistral,mistral,1.0,,,0.245,0.177,0.043,0.046,0.024,0.121,0.0,,,,,,0.25,0.25,0.25
7a7b52f6-fdef-4dae-9203-58c710ccc81d,Mistral Saba,mistral-saba,2025-02-17,0.0,0.0,0.0,b5c0639a-cc9c-443b-a07e-bae6b7088933,Mistral,mistral,19.6,,,0.611,0.424,0.041,,0.241,0.677,0.13,,,,,,0.0,0.0,0.0
24ac5b00-5f03-4c47-8e37-522d1195383e,Mistral Small 3.1,mistral-small-3-1,2025-03-17,154.104,0.284,0.284,b5c0639a-cc9c-443b-a07e-bae6b7088933,Mistral,mistral,23.1,,3.7,0.659,0.454,0.048,0.212,0.265,0.707,0.093,0.037,0.299,0.137,,,0.15,0.1,0.3
59e22326-1bca-4432-a5fa-147fbe8854e7,Mistral Medium 3,mistral-medium-3,2025-05-07,51.405,0.438,0.438,b5c0639a-cc9c-443b-a07e-bae6b7088933,Mistral,mistral,33.6,25.6,30.3,0.76,0.578,0.043,0.4,0.331,0.907,0.44,0.303,0.393,0.28,0.035,0.243,0.8,0.4,2.0
0fec07d5-a9b2-407a-b5f8-5bf10bd86b59,Magistral Small 1,magistral-small,2025-06-10,190.733,0.32,10.806,b5c0639a-cc9c-443b-a07e-bae6b7088933,Mistral,mistral,31.9,26.6,41.3,0.746,0.641,0.072,0.514,0.241,0.963,0.713,0.413,0.248,0.0,0.043,0.266,0.75,0.5,1.5
660965b2-66d2-49ee-a6b9-79a6ac47d3c0,Magistral Medium 1,magistral-medium,2025-06-10,144.708,0.367,14.188,b5c0639a-cc9c-443b-a07e-bae6b7088933,Mistral,mistral,33.2,30.3,40.3,0.753,0.679,0.095,0.527,0.297,0.917,0.7,0.403,0.251,0.0,0.085,0.231,2.75,2.0,5.0
55c73488-1da5-4be6-9dd4-9dd2a421d0d0,Codestral (May '24),codestral-2405,2024-05-29,0.0,0.0,0.0,b5c0639a-cc9c-443b-a07e-bae6b7088933,Mistral,mistral,6.0,,,0.331,0.255,0.051,0.213,0.218,0.354,0.0,,,,,,0.0,0.0,0.0
cc1fa238-1a76-486d-a997-22309275eadd,Devstral Small (May '25),devstral-small-2505,2025-05-21,132.362,0.321,0.321,b5c0639a-cc9c-443b-a07e-bae6b7088933,Mistral,mistral,19.6,,,0.632,0.434,0.04,0.258,0.245,0.684,0.067,,,,,,0.15,0.1,0.3
1f05af98-1ec6-4506-a0b8-57a8c9b63878,Mistral Medium,mistral-medium,2023-12-11,33.404,0.656,0.656,b5c0639a-cc9c-443b-a07e-bae6b7088933,Mistral,mistral,8.4,,,0.491,0.349,0.034,0.099,0.118,0.405,0.037,,,,,,4.088,2.75,8.1
df95f83f-5ebb-466a-9d2d-b95efc8c012c,DeepSeek R1 Distill Qwen 32B,deepseek-r1-distill-qwen-32b,2025-01-20,38.801,0.739,52.285,58b835bf-4c87-4f87-a846-df4b692c6e7d,DeepSeek,deepseek,32.7,,63.0,0.739,0.615,0.055,0.27,0.376,0.941,0.687,0.63,0.229,0.097,,,0.285,0.285,0.285
43fc5506-c5ed-4dee-9b85-962bf7ae3986,DeepSeek V3 (Dec '24),deepseek-v3,2024-12-26,0.0,0.0,0.0,58b835bf-4c87-4f87-a846-df4b692c6e7d,DeepSeek,deepseek,32.5,25.9,26.0,0.752,0.557,0.036,0.359,0.354,0.887,0.253,0.26,0.348,0.29,0.064,0.228,0.688,0.45,1.07
b26ff709-1773-4595-ae44-78e0a5bac29c,DeepSeek R1 Distill Qwen 14B,deepseek-r1-distill-qwen-14b,2025-01-20,144.612,0.408,14.238,58b835bf-4c87-4f87-a846-df4b692c6e7d,DeepSeek,deepseek,29.7,,55.7,0.74,0.484,0.044,0.376,0.239,0.949,0.667,0.557,0.221,0.07,,,0.875,0.875,0.875
bc4579d2-9c46-46c3-ace0-454039bf21bb,DeepSeek-V2.5 (Dec '24),deepseek-v2-5,2024-12-10,0.0,0.0,0.0,58b835bf-4c87-4f87-a846-df4b692c6e7d,DeepSeek,deepseek,20.7,,,,,,,,0.763,,,,,,,0.0,0.0,0.0
8f0a75d6-8d00-4c2e-bcd4-8e88a570a93c,DeepSeek-Coder-V2,deepseek-coder-v2,2024-06-17,0.0,0.0,0.0,58b835bf-4c87-4f87-a846-df4b692c6e7d,DeepSeek,deepseek,14.5,,,,,,,,0.743,,,,,,,0.0,0.0,0.0
0e49fe2d-dd3c-4ae5-b56f-a1c89e14b89e,DeepSeek R1 Distill Llama 8B,deepseek-r1-distill-llama-8b,2025-01-20,0.0,0.0,0.0,58b835bf-4c87-4f87-a846-df4b692c6e7d,DeepSeek,deepseek,19.5,,41.3,0.543,0.302,0.042,0.233,0.119,0.853,0.333,0.413,0.176,0.0,,,0.0,0.0,0.0
7764d514-694f-444c-8d60-bdc6e24e223f,DeepSeek LLM 67B Chat (V1),deepseek-llm-67b-chat,2023-11-29,0.0,0.0,0.0,58b835bf-4c87-4f87-a846-df4b692c6e7d,DeepSeek,deepseek,5.6,,,,,,,,,,,,,,,0.0,0.0,0.0
444cdb1e-bab8-42cd-938c-b2d7a93e2da1,DeepSeek R1 Distill Qwen 1.5B,deepseek-r1-distill-qwen-1-5b,2025-01-20,0.0,0.0,0.0,58b835bf-4c87-4f87-a846-df4b692c6e7d,DeepSeek,deepseek,8.6,,22.0,0.269,0.098,0.033,0.07,0.066,0.687,0.177,0.22,0.132,0.003,,,0.0,0.0,0.0
fb65266f-5a7d-403c-85d5-ccdf0d1ca838,DeepSeek V3.1 (Non-reasoning),deepseek-v3-1,2025-08-21,0.0,0.0,0.0,58b835bf-4c87-4f87-a846-df4b692c6e7d,DeepSeek,deepseek,44.8,39.0,49.7,0.833,0.735,0.063,0.577,0.367,,,0.497,0.378,0.45,0.227,0.348,0.84,0.56,1.66
0e34f05c-387e-4968-be15-ccec4a55d8c1,DeepSeek R1 (Jan '25),deepseek-r1-0120,2025-01-20,0.0,0.0,0.0,58b835bf-4c87-4f87-a846-df4b692c6e7d,DeepSeek,deepseek,43.8,34.4,68.0,0.844,0.708,0.093,0.617,0.357,0.966,0.683,0.68,0.39,0.523,0.057,0.114,2.181,1.35,3.5
75e1c197-f239-4361-a9d6-66dccfead236,DeepSeek V3 0324,deepseek-v3-0324,2025-03-25,0.0,0.0,0.0,58b835bf-4c87-4f87-a846-df4b692c6e7d,DeepSeek,deepseek,41.3,30.2,41.0,0.819,0.655,0.052,0.405,0.358,0.942,0.52,0.41,0.41,0.41,0.142,0.471,0.9,0.9,1.25
198b717f-42c8-4ab7-a699-ae9373d669d3,DeepSeek V3.1 (Reasoning),deepseek-v3-1-reasoning,2025-08-21,0.0,0.0,0.0,58b835bf-4c87-4f87-a846-df4b692c6e7d,DeepSeek,deepseek,54.0,47.2,89.7,0.851,0.779,0.13,0.784,0.391,,,0.897,0.415,0.533,0.241,0.374,0.654,0.425,1.34
8a24865b-90d9-4e2b-a2fd-6851c2e9d627,DeepSeek-V2.5,deepseek-v2-5-sep-2024,2024-09-06,0.0,0.0,0.0,58b835bf-4c87-4f87-a846-df4b692c6e7d,DeepSeek,deepseek,20.2,,,,,,,,,,,,,,,0.0,0.0,0.0
c7327e6e-b27f-4b1b-859d-159a34e0ba1c,DeepSeek Coder V2 Lite Instruct,deepseek-coder-v2-lite,2024-06-17,0.0,0.0,0.0,58b835bf-4c87-4f87-a846-df4b692c6e7d,DeepSeek,deepseek,6.1,,,0.429,0.319,0.053,0.158,0.139,,,,,,,,0.0,0.0,0.0
2d19c2d1-062d-436e-b2c2-3d3ecad34acc,DeepSeek-V2-Chat,deepseek-v2,2024-05-06,0.0,0.0,0.0,58b835bf-4c87-4f87-a846-df4b692c6e7d,DeepSeek,deepseek,8.6,,,,,,,,,,,,,,,0.0,0.0,0.0
3435db18-9227-45a5-8e79-9546b14b5aaa,Sonar Pro,sonar-pro,2025-01-21,90.506,2.147,2.147,941fc0f0-1d4e-405a-95b2-2d49494e0e6c,Perplexity,perplexity,28.2,,,0.755,0.578,0.079,0.275,0.226,0.745,0.29,,,,,,6.0,3.0,15.0
1edc272c-d799-44d6-909a-bf3c1909a3a0,Sonar Reasoning Pro,sonar-reasoning-pro,2025-01-28,0.0,0.0,0.0,941fc0f0-1d4e-405a-95b2-2d49494e0e6c,Perplexity,perplexity,46.3,,,,,,,,0.957,0.79,,,,,,0.0,0.0,0.0
04751bd4-0c5d-416b-a5f2-83727c5bfcda,Sonar Reasoning,sonar-reasoning,2025-01-28,73.868,1.513,28.588,941fc0f0-1d4e-405a-95b2-2d49494e0e6c,Perplexity,perplexity,34.2,,,,0.623,,,,0.921,0.77,,,,,,2.0,1.0,5.0
5ec4a0db-da66-4e46-9682-fceeed755ef8,Sonar,sonar,2025-01-21,64.315,2.277,2.277,941fc0f0-1d4e-405a-95b2-2d49494e0e6c,Perplexity,perplexity,28.8,,,0.689,0.471,0.073,0.295,0.229,0.817,0.487,,,,,,1.0,1.0,1.0
a04f5b78-f397-4fd8-a2b1-00dcab50324c,Grok Beta,grok-beta,2024-08-13,0.0,0.0,0.0,a1e3ddcf-d3e4-44a5-9e8f-029a69850875,xAI,xai,23.0,,,0.703,0.471,0.047,0.241,0.295,0.737,0.103,,,,,,0.0,0.0,0.0
ec3b22e6-48ac-416a-b4ae-55565a4f3046,Grok 3 Reasoning Beta,grok-3-reasoning,2025-02-19,0.0,0.0,0.0,a1e3ddcf-d3e4-44a5-9e8f-029a69850875,xAI,xai,41.4,,,,,,,,,,,,,,,0.0,0.0,0.0
2443ac9e-a3db-423d-accb-8963f6fb0a53,Grok 3,grok-3,2025-02-19,29.765,1.035,1.035,a1e3ddcf-d3e4-44a5-9e8f-029a69850875,xAI,xai,45.3,30.0,58.0,0.799,0.693,0.051,0.425,0.368,0.87,0.33,0.58,0.469,0.547,0.106,0.488,6.0,3.0,15.0
291a510a-dcc0-40df-8a80-b3aa31900a6c,Grok 2 (Dec '24),grok-2-1212,2024-12-12,93.647,0.545,0.545,a1e3ddcf-d3e4-44a5-9e8f-029a69850875,xAI,xai,24.7,,,0.709,0.51,0.038,0.267,0.285,0.778,0.133,,,,,,4.0,2.0,10.0
ec60e57e-76d3-42e3-a0e3-80662225a639,OpenChat 3.5 (1210),openchat-35,2023-12-18,0.0,0.0,0.0,14b780e1-14fb-4aae-af03-ae2d99699bb1,OpenChat,openchat,5.4,,,0.31,0.23,0.048,0.115,,0.307,0.0,,,,,,0.0,0.0,0.0
865bca06-85ad-41e0-a657-7e64f2475bcf,Phi-3 Medium Instruct 14B,phi-3-medium,2024-05-21,43.542,0.425,0.425,ef5ce458-9986-4652-915a-e31fac5506b0,Microsoft Azure,azure,14.4,8.9,1.3,0.543,0.326,0.045,0.15,0.118,0.463,0.013,0.013,0.215,0.03,0.0,0.0,0.297,0.17,0.68
ded8d96e-835f-4359-947a-a4c3bb78e983,Phi-3 Mini Instruct 3.8B,phi-3-mini,2024-04-23,74.392,0.381,0.381,ef5ce458-9986-4652-915a-e31fac5506b0,Microsoft Azure,azure,12.7,6.9,0.3,0.435,0.319,0.044,0.116,0.09,0.457,0.04,0.003,0.239,0.02,0.0,0.0,0.228,0.13,0.52
1299b9a8-af50-4742-a58b-24ff7eb48f9f,LFM 40B,lfm-40b,2024-09-30,0.0,0.0,0.0,5b1886c4-43ba-4007-b840-9d21a2b7d42c,Liquid AI,liquidai,7.3,,,0.425,0.327,0.049,0.096,0.071,0.48,0.023,,,,,,0.0,0.0,0.0
d97713f2-afa6-4f8d-b2f3-ac89a24c4d6c,Solar Mini,solar-mini,2024-01-25,77.124,1.123,1.123,64ff7f06-c6fb-42ea-ba24-9cd103ab2d61,Upstage,upstage,18.9,,,,,,,,0.331,,,,,,0.202,0.15,0.15,0.15
8e78cf7a-5b76-4beb-beba-b99c6233b208,Solar Pro 2 (Preview) (Reasoning),solar-pro-2-preview-reasoning,2025-05-20,0.0,0.0,0.0,64ff7f06-c6fb-42ea-ba24-9cd103ab2d61,Upstage,upstage,36.1,,,0.768,0.578,0.057,0.462,0.164,0.9,0.663,,,,,,0.0,0.0,0.0
432d6c36-8825-47f3-b4eb-58529cea346b,Solar Pro 2 (Preview) (Non-reasoning),solar-pro-2-preview,2025-05-20,0.0,0.0,0.0,64ff7f06-c6fb-42ea-ba24-9cd103ab2d61,Upstage,upstage,30.0,,,0.725,0.544,0.038,0.385,0.272,0.871,0.297,,,,,,0.0,0.0,0.0
1cb96708-f6c1-4668-9804-5db6ecac01ed,DBRX Instruct,dbrx,2024-03-27,0.0,0.0,0.0,650e5ce8-a549-4207-bbd4-9c4815bc2d49,Databricks,databricks,5.3,,,0.397,0.331,0.066,0.093,0.118,0.279,0.03,,,,,,0.0,0.0,0.0
9ca246a7-cf13-42c9-9182-5b5ad6b79026,MiniMax M1 80k,minimax-m1-80k,2025-06-17,0.0,0.0,0.0,a31a9071-6144-4dbb-92dc-2e02d653ecea,MiniMax,minimax,46.2,37.1,61.0,0.816,0.697,0.082,0.711,0.374,0.98,0.847,0.61,0.418,0.543,0.028,0.342,0.825,0.4,2.1
385376b1-9815-47dd-83cc-85aac34f247d,MiniMax M1 40k,minimax-m1-40k,2025-06-17,0.0,0.0,0.0,a31a9071-6144-4dbb-92dc-2e02d653ecea,MiniMax,minimax,40.0,35.2,13.7,0.808,0.682,0.075,0.657,0.378,0.972,0.813,0.137,0.412,0.517,0.021,0.316,0.825,0.4,2.1
441734a9-8901-4850-9bae-b474c370291f,Kimi K2,kimi-k2,2025-07-11,46.887,0.573,0.573,0a177021-87dd-4250-9a37-f01df196bfe0,Moonshot AI,moonshotai,48.1,35.0,57.0,0.824,0.766,0.07,0.556,0.345,0.971,0.693,0.57,0.415,0.51,0.149,0.611,1.075,0.6,2.5
f73f4711-9c61-40a7-a258-b71c14727f53,Llama 3.1 Tulu3 405B,tulu3-405b,2025-01-30,0.0,0.0,0.0,ab6c5270-d7b9-4c09-92fe-62662618c631,Allen Institute for AI,ai2,25.4,,,0.716,0.516,0.035,0.291,0.302,0.778,0.133,,,,,,0.0,0.0,0.0
2cff73da-4855-403c-afc9-5540feadcc15,Granite 3.3 8B (Non-reasoning),granite-3-3-8b-instruct,2025-04-16,129.451,7.319,7.319,512ef1e4-e02e-4532-a5f2-d11a40962498,IBM,ibm,15.2,7.6,6.7,0.468,0.338,0.042,0.127,0.101,0.665,0.047,0.067,0.224,0.043,0.0,0.105,0.085,0.03,0.25
a971b0c0-4c0f-484a-b018-e36b5be3409e,Reka Flash (Sep '24),reka-flash,2024-10-04,38.384,1.383,1.383,4571a280-f096-486f-b220-dffc3e522b0f,Reka AI,reka-ai,19.1,,,,,,,,0.529,,,,,,,0.35,0.2,0.8
7858ff51-9d8b-418e-9921-0ec635f9c877,Reka Core,reka-core,2024-04-15,41.983,1.214,1.214,4571a280-f096-486f-b220-dffc3e522b0f,Reka AI,reka-ai,19.4,,,,,,,,0.558,,,,,,,2.0,2.0,2.0
e235a9f9-29b3-4ce5-8c94-f45413b64ccd,Reka Flash (Feb '24),reka-flash-02-2024,2024-02-12,41.296,1.352,1.352,4571a280-f096-486f-b220-dffc3e522b0f,Reka AI,reka-ai,18.7,,,,,,,,0.326,,,,,,,0.35,0.2,0.8
de39ac4f-856d-42c1-8a61-370435ad36ad,Reka Edge,reka-edge,2024-02-12,68.132,1.02,1.02,4571a280-f096-486f-b220-dffc3e522b0f,Reka AI,reka-ai,18.5,,,,,,,,0.216,,,,,,,0.1,0.1,0.1
1dcea4f7-7e8b-49f8-abe2-5860ff9f349e,Hermes 3 - Llama-3.1 70B,hermes-3-llama-3-1-70b,2024-08-15,38.353,0.282,0.282,0a2f41cc-2cbc-4949-be54-9fef1319d4a9,Nous Research,nous-research,14.7,,,0.571,0.401,0.041,0.188,0.231,0.538,0.023,,,,,,0.3,0.3,0.3
1cf439b8-0cfd-47b2-9de2-9a2157e6762b,GLM-4.5 (Reasoning),glm-4.5,2025-07-28,45.162,0.746,45.031,67437eb6-7dc1-4e93-befd-22c8b8ec2065,Z AI,zai,51.3,43.3,73.7,0.835,0.782,0.122,0.738,0.348,0.979,0.873,0.737,0.441,0.483,0.213,0.43,0.98,0.575,2.195
387b1a3c-a197-4c55-86c0-438eff604e59,Command-R+ (Aug '24),command-r-plus,2024-08-30,22.037,0.422,0.422,671d3708-c407-4b8f-b350-f728e4689d26,Cohere,cohere,7.1,,,0.427,0.337,0.05,0.111,0.122,0.402,0.0,,,,,,4.375,2.5,10.0
76361085-f5dc-49ec-b069-fe56ca885933,Command-R+ (Apr '24),command-r-plus-04-2024,2024-04-04,0.0,0.0,0.0,671d3708-c407-4b8f-b350-f728e4689d26,Cohere,cohere,5.5,,,0.432,0.323,0.045,0.122,0.118,0.279,0.007,,,,,,6.0,3.0,15.0
2868d59e-0da9-4083-b962-177093a755c3,Command-R (Aug '24),command-r,2024-08-30,59.228,0.221,0.221,671d3708-c407-4b8f-b350-f728e4689d26,Cohere,cohere,1.0,,,0.337,0.289,0.051,0.044,0.087,0.149,0.003,,,,,,0.263,0.15,0.6
abe9f0c7-f4f6-430d-ba42-f45afdd4841b,Command-R (Mar '24),command-r-03-2024,2024-03-12,0.0,0.0,0.0,671d3708-c407-4b8f-b350-f728e4689d26,Cohere,cohere,1.0,,,0.338,0.284,0.048,0.048,0.062,0.164,0.007,,,,,,0.75,0.5,1.5
540ebc58-a2d8-4dc9-ba6b-973efa52fab1,Jamba 1.5 Mini,jamba-1-5-mini,2024-08-22,0.0,0.0,0.0,6216c686-bc60-4dbb-9f25-83e9dba803d1,AI21 Labs,ai21-labs,4.0,,,0.371,0.302,0.051,0.062,0.08,0.357,0.01,,,,,,0.25,0.2,0.4
e8ffd75b-766f-4551-8c52-6e54706220eb,Jamba 1.6 Mini,jamba-1-6-mini,2025-03-06,149.968,0.591,0.591,6216c686-bc60-4dbb-9f25-83e9dba803d1,AI21 Labs,ai21-labs,3.3,,,0.367,0.3,0.046,0.071,0.101,0.257,0.033,,,,,,0.25,0.2,0.4
92b19c88-fa87-4595-957e-fe9aa5fa5ad4,Jamba 1.6 Large,jamba-1-6-large,2025-03-06,37.878,0.81,0.81,6216c686-bc60-4dbb-9f25-83e9dba803d1,AI21 Labs,ai21-labs,14.3,,,0.565,0.387,0.04,0.172,0.184,0.58,0.047,,,,,,3.5,2.0,8.0
b4ddb4c8-1400-44ab-8c2b-e2472088e7ff,Jamba 1.5 Large,jamba-1-5-large,2024-08-22,0.0,0.0,0.0,6216c686-bc60-4dbb-9f25-83e9dba803d1,AI21 Labs,ai21-labs,14.8,,,0.572,0.427,0.04,0.143,0.163,0.606,0.047,,,,,,3.5,2.0,8.0
aec53acd-bf97-4f4f-93a6-1a94e05824ad,Jamba Instruct,jamba-instruct,2024-05-02,0.0,0.0,0.0,6216c686-bc60-4dbb-9f25-83e9dba803d1,AI21 Labs,ai21-labs,11.8,,,0.343,0.271,0.052,0.046,0.083,0.243,,,,,,,0.0,0.0,0.0
b3735511-c6ff-4928-8d72-2181444a4eb3,Arctic Instruct,arctic-instruct,2024-04-24,0.0,0.0,0.0,15568026-a4e1-4088-9709-566d3fb3aee1,Snowflake,snowflake,7.6,,,,,,,,,,,,,,,0.0,0.0,0.0
b9dc72c6-7bea-4936-a55a-4b0c835fc755,Qwen2.5 Max,qwen-2-5-max,2025-01-28,32.227,1.292,1.292,d874d370-74d3-4fa0-ba00-5272f92f946b,Alibaba,alibaba,30.7,,,0.762,0.587,0.045,0.359,0.337,0.835,0.233,,,,,,2.8,1.6,6.4
b4f7d7a4-869a-4ee7-b17a-4046cd1e79fd,Qwen2.5 Instruct 72B,qwen2-5-72b-instruct,2024-09-19,50.056,1.201,1.201,d874d370-74d3-4fa0-ba00-5272f92f946b,Alibaba,alibaba,29.0,19.5,14.0,0.72,0.491,0.042,0.276,0.267,0.858,0.16,0.14,0.369,0.203,0.043,0.345,0.0,0.0,0.0
04586102-6a28-48f8-a82e-85775d7ed779,Qwen2.5 Coder Instruct 32B,qwen2-5-coder-32b-instruct,2024-11-11,72.211,0.412,0.412,d874d370-74d3-4fa0-ba00-5272f92f946b,Alibaba,alibaba,21.8,,,0.635,0.417,0.038,0.295,0.271,0.767,0.12,,,,,,0.2,0.2,0.2
352f834f-a03c-4117-8a29-c3ccd8a568ce,Qwen2.5 Turbo,qwen-turbo,2024-11-18,82.364,1.054,1.054,d874d370-74d3-4fa0-ba00-5272f92f946b,Alibaba,alibaba,19.1,,,0.633,0.41,0.042,0.163,0.153,0.805,0.12,,,,,,0.087,0.05,0.2
7656c62b-5345-435b-bf12-b6ce2ca0d58d,Qwen2 Instruct 72B,qwen2-72b-instruct,2024-06-07,0.0,0.0,0.0,d874d370-74d3-4fa0-ba00-5272f92f946b,Alibaba,alibaba,18.1,,,0.622,0.371,0.037,0.159,0.229,0.701,0.147,,,,,,0.0,0.0,0.0
43573c57-2403-46fb-af4b-a93de9a0c3f5,Qwen3 235B A22B (Non-reasoning),qwen3-235b-a22b-instruct,2025-04-28,50.221,1.263,1.263,d874d370-74d3-4fa0-ba00-5272f92f946b,Alibaba,alibaba,29.9,23.3,23.7,0.762,0.613,0.047,0.343,0.299,0.902,0.327,0.237,0.366,0.0,0.057,0.272,1.225,0.7,2.8
f3169f25-8c6f-48e4-ae87-0cf872dc0ec1,Qwen3 30B A3B (Non-reasoning),qwen3-30b-a3b-instruct,2025-04-28,81.294,1.139,1.139,d874d370-74d3-4fa0-ba00-5272f92f946b,Alibaba,alibaba,26.5,21.6,21.7,0.71,0.515,0.046,0.322,0.264,0.863,0.26,0.217,0.319,0.0,0.064,,0.35,0.2,0.8
bf60740e-6aa5-422f-ba49-ef6e9d171205,Qwen3 32B (Non-reasoning),qwen3-32b-instruct,2025-04-28,53.047,1.193,1.193,d874d370-74d3-4fa0-ba00-5272f92f946b,Alibaba,alibaba,26.4,,19.7,0.727,0.535,0.043,0.288,0.28,0.869,0.303,0.197,0.315,0.0,,,1.225,0.7,2.8
0e5f6140-1154-4583-a3e0-8c032a338892,Qwen3 0.6B (Non-reasoning),qwen3-0.6b-instruct,2025-04-28,191.771,1.092,1.092,d874d370-74d3-4fa0-ba00-5272f92f946b,Alibaba,alibaba,11.0,3.8,10.3,0.231,0.231,0.052,0.073,0.041,0.521,0.017,0.103,0.219,0.0,0.0,0.146,0.188,0.11,0.42
e46198a7-cd29-4afd-933d-cdf180f0f305,Qwen3 4B (Non-reasoning),qwen3-4b-instruct,2025-04-28,84.98,1.035,1.035,d874d370-74d3-4fa0-ba00-5272f92f946b,Alibaba,alibaba,20.7,,,0.586,0.398,0.037,0.233,0.167,0.843,0.213,,,,,,0.188,0.11,0.42
191a2097-cce3-49cf-881e-0c790892059f,Qwen3 4B (Reasoning),qwen3-4b-instruct-reasoning,2025-04-28,94.042,1.016,22.283,d874d370-74d3-4fa0-ba00-5272f92f946b,Alibaba,alibaba,25.6,,22.3,0.696,0.522,0.051,0.465,0.035,0.933,0.657,0.223,0.325,0.0,,0.19,0.398,0.11,1.26
ceb4d610-d0a4-48c1-bea0-80ed76f1e5ca,QwQ 32B,qwq-32b,2025-03-05,73.856,0.489,34.217,d874d370-74d3-4fa0-ba00-5272f92f946b,Alibaba,alibaba,37.9,,29.0,0.764,0.593,0.082,0.631,0.358,0.957,0.78,0.29,0.388,0.25,,,0.745,0.5,1.0
e410e854-104d-4b35-a171-899ff9d974bb,Qwen2.5 Coder Instruct 7B ,qwen2-5-coder-7b-instruct,2024-09-19,0.0,0.0,0.0,d874d370-74d3-4fa0-ba00-5272f92f946b,Alibaba,alibaba,12.2,,,0.473,0.339,0.048,0.126,0.148,0.66,0.053,,,,,,0.0,0.0,0.0
2bb84433-f38e-4edc-9b65-4d7b1f473db9,Qwen3 1.7B (Non-reasoning),qwen3-1.7b-instruct,2025-04-28,116.511,1.275,1.275,d874d370-74d3-4fa0-ba00-5272f92f946b,Alibaba,alibaba,14.4,6.5,7.3,0.411,0.283,0.052,0.126,0.069,0.717,0.097,0.073,0.211,0.0,0.0,0.216,0.188,0.11,0.42
8823351e-8232-4c9c-8a1d-cd2c1d2c1196,QwQ 32B-Preview,QwQ-32B-Preview,2024-11-27,87.327,0.719,23.622,d874d370-74d3-4fa0-ba00-5272f92f946b,Alibaba,alibaba,28.0,,,0.648,0.557,0.048,0.337,0.038,0.91,0.453,,,,,,0.667,0.66,0.69
9dba61f5-78ee-4190-8d1d-8e7063ffd386,Qwen3 8B (Reasoning),qwen3-8b-instruct-reasoning,2025-04-28,87.042,1.314,24.291,d874d370-74d3-4fa0-ba00-5272f92f946b,Alibaba,alibaba,28.3,21.8,19.0,0.743,0.589,0.042,0.406,0.226,0.904,0.747,0.19,0.335,0.0,0.021,0.278,0.66,0.18,2.1
b2dd592a-fbc5-458a-b26d-f3964cbab82f,Qwen3 8B (Non-reasoning),qwen3-8b-instruct,2025-04-28,82.787,1.043,1.043,d874d370-74d3-4fa0-ba00-5272f92f946b,Alibaba,alibaba,22.9,13.0,24.3,0.643,0.452,0.028,0.202,0.168,0.828,0.243,0.243,0.286,0.0,0.021,0.249,0.31,0.18,0.7
b00ecd62-a53f-4aed-b833-3e9d6b0170ba,Qwen3 32B (Reasoning),qwen3-32b-instruct-reasoning,2025-04-28,56.969,1.162,36.269,d874d370-74d3-4fa0-ba00-5272f92f946b,Alibaba,alibaba,38.7,30.9,73.0,0.798,0.668,0.083,0.546,0.354,0.961,0.807,0.73,0.363,0.0,0.028,0.298,2.625,0.7,8.4
4559e9f0-8aad-4681-89fb-68cb915e0f16,Qwen3 14B (Reasoning),qwen3-14b-instruct-reasoning,2025-04-28,57.037,1.364,36.429,d874d370-74d3-4fa0-ba00-5272f92f946b,Alibaba,alibaba,36.0,29.1,55.7,0.774,0.604,0.043,0.523,0.316,0.961,0.763,0.557,0.405,0.0,0.035,0.345,1.313,0.35,4.2
5962d643-0a6f-4630-bb08-ab5720d80056,Qwen3 1.7B (Reasoning),qwen3-1.7b-instruct-reasoning,2025-04-28,123.142,1.0,17.241,d874d370-74d3-4fa0-ba00-5272f92f946b,Alibaba,alibaba,22.4,11.7,38.7,0.57,0.356,0.048,0.308,0.043,0.894,0.51,0.387,0.269,0.0,0.0,0.26,0.398,0.11,1.26
3e6cf518-a1f4-42d3-8fcf-827c9bd8e6d5,Qwen3 30B A3B (Reasoning),qwen3-30b-a3b-instruct-reasoning,2025-04-28,83.555,1.234,25.171,d874d370-74d3-4fa0-ba00-5272f92f946b,Alibaba,alibaba,36.7,27.1,72.3,0.777,0.616,0.066,0.506,0.285,0.959,0.753,0.723,0.415,0.0,0.021,0.26,0.75,0.2,2.4
ecc6524a-d521-458a-8327-5009e8ce6549,Qwen3 14B (Non-reasoning),qwen3-14b-instruct,2025-04-28,54.552,1.155,1.155,d874d370-74d3-4fa0-ba00-5272f92f946b,Alibaba,alibaba,29.2,19.8,58.0,0.675,0.47,0.042,0.28,0.265,0.871,0.28,0.58,0.239,0.0,0.05,0.322,0.613,0.35,1.4
1d0db5a3-3132-4213-a94b-c2e395d08283,Qwen2.5 Instruct 32B,qwen2.5-32b-instruct,2024-09-19,0.0,0.0,0.0,d874d370-74d3-4fa0-ba00-5272f92f946b,Alibaba,alibaba,22.9,,,0.697,0.466,0.038,0.248,0.229,0.805,0.11,,,,,,0.0,0.0,0.0
bbe6d782-e630-48d5-b11c-3ce37f373f1e,Qwen3 235B A22B (Reasoning),qwen3-235b-a22b-instruct-reasoning,2025-04-28,52.611,1.252,39.267,d874d370-74d3-4fa0-ba00-5272f92f946b,Alibaba,alibaba,41.7,35.9,82.0,0.828,0.7,0.117,0.622,0.399,0.93,0.84,0.82,0.387,0.0,0.057,0.24,2.625,0.7,8.4
4ae6c88d-9e4a-4850-89fe-18a1c04a66cc,Qwen3 0.6B (Reasoning),qwen3-0.6b-instruct-reasoning,2025-04-28,203.401,1.125,10.958,d874d370-74d3-4fa0-ba00-5272f92f946b,Alibaba,alibaba,14.2,5.0,18.0,0.347,0.239,0.057,0.121,0.028,0.75,0.1,0.18,0.233,0.0,0.0,0.211,0.398,0.11,1.26
d1768b3a-0a21-4e08-b3f6-56a9ab6cfbf3,Qwen1.5 Chat 110B,qwen1.5-110b-chat,2024-04-25,0.0,0.0,0.0,d874d370-74d3-4fa0-ba00-5272f92f946b,Alibaba,alibaba,10.5,,,,0.289,,,,,,,,,,,0.0,0.0,0.0
41f73c27-880c-4f30-8b07-9999ce89a4ae,Qwen Chat 72B,qwen-chat-72b,2023-11-30,0.0,0.0,0.0,d874d370-74d3-4fa0-ba00-5272f92f946b,Alibaba,alibaba,7.6,,,,,,,,,,,,,,,0.0,0.0,0.0
5b2beb12-81a9-47a1-8a2a-d0a727185b50,Qwen3 Max (Preview),qwen3-max-preview,2025-09-05,23.146,1.794,1.794,d874d370-74d3-4fa0-ba00-5272f92f946b,Alibaba,alibaba,48.5,40.2,75.0,0.838,0.764,0.093,0.651,0.37,,,0.75,0.48,0.397,0.184,0.327,2.4,1.2,6.0
fb779453-2f07-4250-b46e-2223ddda0bd2,Yi-Large,yi-large,2024-05-13,0.0,0.0,0.0,647d7f2e-1c81-44bd-b176-2a04d232ad07,01.AI,01-ai,13.4,,,0.586,0.363,0.032,0.108,0.188,0.562,0.067,,,,,,0.0,0.0,0.0
